id,name,email,department,role,createdAt,updatedAt
9bef853d-02f7-4f7c-8064-1aeaf1e359e4,Brian Lopez,michaeljohnson@example.org,Data Engineering,Solution Consultant,2012-03-31 22:20:04,1995-05-10 22:28:25
3c0cd2cf-796a-45d1-89aa-4a28216ffbaa,Cheryl Sandoval,adamsjill@example.net,Data Science,Solution Consultant,2005-05-22 15:46:01,2019-03-24 14:48:11
6a37a940-e66c-43b8-8ced-b7d9ff3166d8,Randy Ingram,richard58@example.com,Data Engineering,Solution Consultant,2003-05-11 18:28:13,2013-03-12 19:09:55
3e752c4b-14f3-4fc4-ad05-379b5058e7db,Mary Turner,ksmith@example.net,Data Science,Sr Software Engineer,2012-04-25 07:57:01,2000-01-27 14:23:06
052acac7-9dec-4024-a85f-d41de192925c,Mary Davis,ginafrancis@example.net,Data Engineering,Sr Software Engineer,1983-06-26 03:59:19,1978-06-26 18:31:43
a3954eca-89c7-41fe-bf10-5e357b16e3b2,David Gray,dawnsmith@example.com,Data Engineering,Solution Enabler,1978-04-08 07:43:57,1986-06-14 21:49:06
175aed35-b3b0-4547-9bc5-023840bb2fc0,Stephen Macdonald,wsantana@example.org,Data Science,Sr Software Engineer,2019-08-21 07:39:25,2017-11-12 17:32:07
9a18e1a0-7043-4f7c-8df8-34b880879d1e,Anne Rodriguez,shawpaula@example.com,Data Science,Solution Consultant,1988-07-20 03:22:44,2007-01-12 06:12:20
19d800cc-2739-4f11-a6c7-739302033099,Eric Cole,onguyen@example.net,Data Science,Solution Enabler,1999-03-26 22:36:02,2011-06-09 05:27:52
64cf9591-21e6-480f-b3bb-7b512f488c13,Stephen Moore,ghensley@example.com,Data Science,Solution Consultant,1975-03-11 11:01:08,2016-01-21 16:42:42
8765a4fd-75ff-46bf-89fd-ef622cdc7ec8,Jeffrey Sutton,watsoncarla@example.org,Data Engineering,Sr Software Engineer,2014-03-29 09:05:34,2014-05-07 08:57:42
6a688760-3bd3-413a-9fd1-2539a0359dd5,Paul Johnson,pclark@example.net,Data Engineering,Sr Software Engineer,1974-07-31 22:38:34,1990-07-22 19:21:20
4a0526b3-e8f4-4635-ad4e-61ba5646f4aa,Brandon Lynch,arnoldrose@example.net,Data Engineering,Software Engineer,2018-09-23 02:12:52,1974-05-14 00:09:46
d1f5573e-8b41-4711-91af-e1ee4a18495f,Scott Johnson,morenophilip@example.com,Full Stack,Solution Consultant,2024-01-20 15:24:14,1995-07-01 22:36:24
6b2b1602-3988-4279-b6a9-973836ef9d72,Jennifer Riddle,upierce@example.net,Full Stack,Sr Software Engineer,2018-07-22 00:55:00,2011-09-02 03:56:30
3a3acb36-4eb7-4d62-a3a6-5a5e1b59b43c,Jessica Alvarez,felicia17@example.net,Full Stack,Sr Software Engineer,1991-06-25 09:10:36,2003-02-06 00:15:49
262a4c56-70a6-400b-a8a8-02d1e0770c80,Calvin Williams,john54@example.com,Data Science,Software Engineer,2001-05-10 10:35:07,2006-07-24 02:51:23
97688c8a-7bf8-4e86-9466-f72969341357,Benjamin Thomas,collinsmarissa@example.org,Data Science,Solution Consultant,1982-07-28 15:59:20,1970-03-10 09:06:55
df86e9c7-1e64-4235-8588-62336213ebfc,Michelle Mccoy,jharris@example.com,Full Stack,Sr Software Engineer,2010-09-28 18:22:02,1996-01-23 17:17:53
4bdba798-b10b-4fe9-8c5b-efc1d712e5c7,Patrick Freeman,stephendaniels@example.org,Full Stack,Software Engineer,1988-12-21 14:47:49,2021-06-28 11:20:35
45143d54-9c26-40e4-a937-957698021466,Derek Scott,taylorconnie@example.com,Data Engineering,Solution Consultant,2010-04-16 17:15:44,2013-03-30 12:58:26
d97d6d05-5564-46b0-a124-c6fc64b39689,William Lane,gonzalezphillip@example.org,Data Engineering,Solution Enabler,2018-06-16 23:54:28,2005-01-30 09:22:42
20b92ba6-e95b-4529-9bc5-13924cdbe04e,David Austin,williamsonandrew@example.net,Full Stack,Solution Consultant,1985-02-15 12:30:27,1975-08-09 00:58:44
9524edc4-e124-4a77-ba5f-8f644f3f4126,Amy Ray,aprilross@example.com,Full Stack,Sr Software Engineer,2012-08-15 14:31:51,1983-07-27 20:15:34
18d780e8-1a52-4754-bf6c-95de2d4c498a,Dylan Harris,sullivanangela@example.org,Data Engineering,Solution Consultant,2024-07-25 15:05:38,1988-05-27 18:01:22
34f364f8-9f35-437f-b7e8-00794887f23d,Kenneth Watson,longdaryl@example.org,Data Science,Solution Enabler,1982-09-07 04:29:03,2023-03-06 08:32:47
a109e6e0-1e20-4949-bf41-33d07e8eff88,Mitchell Taylor,jjohnson@example.com,Data Science,Solution Consultant,1974-05-13 21:06:18,1987-07-17 00:38:04
fd49abb6-8139-4761-a0aa-58cb99619fec,Douglas Williams,christina45@example.org,Data Engineering,Solution Consultant,2017-11-24 13:20:19,2003-03-19 12:07:55
1b3f8542-1f7e-4dca-b011-f6f0d5087716,Andre Boyle,cday@example.com,Full Stack,Software Engineer,1988-04-06 01:49:58,1982-04-29 00:14:04
3159618f-6473-47ac-9015-5b0447fc08cc,Bethany Nelson,fmoore@example.com,Full Stack,Sr Software Engineer,1984-08-16 20:06:34,2000-04-06 04:53:24
4d168da6-e461-4818-978c-e93aeb2022b9,Gary Jackson,kennethhorn@example.net,Full Stack,Solution Consultant,2007-09-10 11:52:07,1988-09-02 10:49:02
69905945-f187-48f5-84bb-77b949930273,Ronald Barnes,adam43@example.com,Data Science,Sr Software Engineer,2023-10-30 01:25:51,1981-03-07 19:50:00
9cdbd576-d3a7-46cd-9fe5-32df2b5ddafd,Jessica Brown,lonniebell@example.org,Full Stack,Solution Enabler,2021-04-02 10:58:18,1991-10-10 17:10:52
ffa4d3fe-b08e-4d52-be8f-93778991e0cd,Timothy Robles,xcuevas@example.org,Full Stack,Solution Consultant,1995-11-30 05:42:08,1978-08-20 15:50:57
b03b1977-7445-4313-8af2-f5f5ded1b442,Kathleen Russell,rstafford@example.org,Full Stack,Solution Consultant,2014-07-13 08:45:27,2016-02-09 21:09:37
80427cd0-438f-4cf5-84ca-626638403fc5,Robert Payne,alyssa56@example.net,Full Stack,Sr Software Engineer,1998-10-17 23:26:05,2013-08-07 07:41:50
e0c06790-683b-4d4b-b55c-23a690a1ee6c,Miranda Williams,deannahale@example.net,Data Science,Sr Software Engineer,1983-07-06 15:20:46,1992-06-03 04:10:45
7a49c65a-a3ec-4460-a3ac-798e8f003728,April Smith,qpreston@example.net,Data Science,Solution Consultant,1977-07-16 07:09:49,1974-04-17 16:44:52
0e0c7bd0-200b-48d7-9584-266bada5ad2f,Jenny Campbell,kwhite@example.org,Full Stack,Sr Software Engineer,1976-10-25 09:17:03,2008-06-18 04:10:18
d8d4b97a-b3be-4b19-8331-ba2fe19c411e,Catherine Nelson,osbornebob@example.org,Data Engineering,Software Engineer,2021-09-16 19:21:50,1977-06-29 19:15:40
92d3142d-536c-4181-a3e9-3b06dc638ac0,Brenda Gonzalez,tcombs@example.net,Data Science,Solution Enabler,2006-01-07 04:42:24,1983-10-12 19:13:27
476536d7-5cd7-46e4-99b4-d4af80bbb131,Joseph Harding,kcox@example.com,Full Stack,Solution Consultant,2021-12-28 09:21:26,1985-07-03 00:22:48
fcdfa651-8d29-4c72-98b9-8def4daa05b4,Sarah Chambers,reevesjoseph@example.com,Data Engineering,Solution Consultant,1982-06-14 13:14:25,2011-08-25 23:13:04
ced68499-b265-4866-be04-837625eff936,Kenneth Hill,rodgersstephanie@example.net,Full Stack,Solution Enabler,1976-03-12 19:43:22,1985-11-30 20:43:54
2f23f4fe-f67b-468a-802b-60d6170d586b,Claudia Powers,anthonynelson@example.net,Data Engineering,Sr Software Engineer,1973-11-24 21:44:52,2016-07-19 22:21:39
462a5136-9973-4b33-a65b-ffcdc972565b,Jorge Guzman,ashley07@example.com,Data Science,Sr Software Engineer,2014-03-10 16:16:22,2018-04-20 23:55:27
f208c06b-f65c-422f-9796-c0ff86eee685,Sylvia Avery,rbowman@example.org,Full Stack,Software Engineer,1978-05-24 00:41:17,2000-01-17 23:32:09
401eeab0-1c95-4d63-86f4-03df4caf80db,Michael Hall,carrtammy@example.net,Full Stack,Solution Enabler,2011-11-20 15:33:36,2017-08-06 15:36:03
7f7cc854-cffb-472f-bac3-2191457fe150,Mark Garner,acline@example.net,Data Engineering,Sr Software Engineer,1985-07-20 21:48:18,2014-08-16 01:59:03
405f6bd7-fb97-40f8-a5d5-b62a5eb95920,Dr. Ryan Lewis,smithjames@example.net,Data Science,Solution Enabler,1990-01-10 03:53:20,2012-09-08 10:54:38
04ea7450-ec5a-4cb5-b98e-f1e241058f4b,Keith Allen,john05@example.org,Data Engineering,Sr Software Engineer,2015-09-23 18:17:19,2022-04-19 23:55:25
ebfa1bd4-167b-42b1-8d1b-ae5a514ffe59,John Clark,atkinsroger@example.net,Full Stack,Software Engineer,2004-04-24 12:27:31,1978-01-29 06:43:45
2dafe10a-0e8e-4d2e-8f80-cca1820d113e,Michael Payne,patrick66@example.com,Full Stack,Sr Software Engineer,1971-05-28 04:11:09,1994-07-30 11:36:33
3de7102d-c673-468e-911e-47ea0d03d3c4,Pamela Bass,mooremary@example.com,Data Science,Sr Software Engineer,2021-10-20 02:22:38,2010-11-13 00:28:36
e2dfd56e-3b4e-4495-85c0-c03228d2adfd,Jason Williams,zhurst@example.net,Data Engineering,Solution Consultant,2009-08-02 07:09:46,1971-05-06 03:06:41
082e4bc6-daa1-4dea-9489-938d03344ef6,Christopher Moore,amy64@example.org,Data Engineering,Sr Software Engineer,2020-05-14 09:23:39,2004-12-06 02:22:01
83b1edf1-d3ac-4e0b-b42f-2431ad28823b,Marissa French,timothylopez@example.com,Full Stack,Software Engineer,1992-06-30 05:10:23,2009-04-24 07:29:13
3adab047-bb5e-4ebe-9726-2ccb5a0bb18b,Edward Wyatt,leechristina@example.org,Data Engineering,Software Engineer,1976-11-02 21:54:51,1987-03-30 12:06:06
2fca7f5f-6bf6-4cae-8c59-f2015f7dde26,Alan Pace,hughesjacqueline@example.net,Full Stack,Software Engineer,2000-03-30 07:53:46,2012-06-08 19:44:47
5c16cfbb-2791-4787-99b0-fca05b785fa0,Shannon Lopez,snydertracy@example.org,Data Science,Solution Consultant,1988-06-24 10:21:27,1999-02-07 03:16:07
2a08acd9-4925-4b29-a4e8-37a384a526a4,Curtis Dunlap,ffoster@example.org,Full Stack,Sr Software Engineer,2003-06-02 10:46:42,1992-06-26 11:53:57
26b9cf0b-b1b9-4a0a-bec7-b6411aad6313,Aaron Murphy,dgutierrez@example.net,Full Stack,Solution Enabler,2000-11-24 17:17:38,1999-12-14 16:10:54
f108149a-3a5e-49d0-bc0b-4ec2ae787905,Cody Webb,romerobruce@example.org,Data Science,Sr Software Engineer,2010-05-01 12:39:33,1999-07-27 09:01:23
da690a54-c99e-4471-8dd6-45d5496ffb6d,Anthony Hicks,torresluke@example.org,Data Science,Solution Enabler,1983-03-11 13:26:54,2011-03-31 06:31:13
0ea0eb23-6318-49ce-b992-71f9fc9f723a,Alejandro Mitchell,fordapril@example.org,Full Stack,Solution Consultant,2009-10-26 01:28:21,2003-12-01 03:41:53
4b821670-c247-452e-8b62-6f0c14661ab6,Michael Chung,nortonkaren@example.org,Data Science,Sr Software Engineer,2009-07-09 18:03:02,2010-04-26 15:37:50
59be44aa-3582-4145-92cd-c858be9b1a5d,Dr. Grant Moore,warnerwhitney@example.org,Data Engineering,Solution Consultant,1970-01-24 11:32:50,1973-07-22 21:13:51
faff1075-3045-4ca6-9428-c24fc47fd1bb,Nichole Nichols,whitneyian@example.com,Data Engineering,Solution Consultant,2015-03-06 14:20:18,1984-09-20 20:11:49
03a9a93c-7444-4400-b24d-e2653ddee7d8,William Hunt,shanesingh@example.org,Data Science,Solution Consultant,1990-02-09 23:27:57,2014-01-14 11:43:38
d7375ff9-b150-42c3-ac31-d2d742e14ac4,Tammy Cordova,thoover@example.com,Full Stack,Software Engineer,2005-02-19 08:53:14,2011-09-07 04:01:35
4baaf313-c32f-4aa9-835c-8f247f9ec6c5,Katrina Krause,holderamy@example.com,Data Science,Sr Software Engineer,2004-04-11 21:53:52,2008-10-13 02:24:00
1ac500b3-8255-4778-a81c-e10232bfa39a,Desiree Moody,cynthiatucker@example.com,Full Stack,Software Engineer,1982-08-30 07:50:30,2019-02-18 11:54:18
60377a03-257d-4ce6-84d9-73ee56754419,Jessica Cox,mhill@example.org,Full Stack,Solution Consultant,2007-06-13 17:48:15,2023-10-06 06:10:56
fbb65577-0066-4fb4-a4e9-89a3e63fee71,Katie Fisher,sarahwhite@example.org,Data Science,Solution Enabler,1977-12-19 14:35:22,2019-07-24 10:17:40
9731e68d-6bd1-4064-a197-5a2d687a667e,Rodney Foster,vfranklin@example.com,Data Science,Sr Software Engineer,1990-01-17 12:56:33,2006-01-30 01:32:01
e8810db8-9f0a-4b5f-a6b5-947511b98fd4,Robert Lambert,amysosa@example.net,Data Engineering,Software Engineer,1990-07-20 17:47:39,2007-09-08 12:31:13
3bffcd30-aa75-4d5b-8b98-054f8512c0da,Ashley Quinn,thomasrobert@example.org,Full Stack,Solution Enabler,1997-09-21 08:40:25,2016-09-08 03:23:57
844f5e7e-4a9c-4b39-b938-e4a47811518f,Natalie Williams,eddiecunningham@example.net,Full Stack,Solution Consultant,1986-10-20 21:32:36,2015-06-04 08:20:04
edb35e7f-4df0-4947-bfac-abde167c20da,Amber Hickman,wmoreno@example.net,Data Engineering,Software Engineer,1992-07-02 10:28:15,2022-12-24 03:04:11
5eb7ce98-9138-45b6-acdc-631963b7ced3,Samantha Murphy,john88@example.org,Data Engineering,Solution Enabler,2013-05-01 19:06:05,1998-04-26 14:58:29
1b8f9deb-f8a6-4bb3-9431-ae72c218cd7f,Ryan Bell,shannonlane@example.org,Data Science,Software Engineer,2010-10-30 18:51:46,1984-03-07 17:17:14
09df52b0-278c-4e4c-ac32-577defdb8fb6,Joseph Garcia,jacqueline78@example.net,Full Stack,Solution Enabler,1987-12-30 11:17:21,2007-06-01 09:46:59
fce46063-1588-485a-83f2-4cac6ac5abe7,Brandy Gutierrez,fbates@example.com,Full Stack,Solution Consultant,2022-12-10 09:33:52,2018-10-13 14:12:27
cf4259f9-303b-4f24-84a9-4b5a5ad545f6,Juan Harris,amanda24@example.net,Data Science,Solution Enabler,2021-11-24 05:47:24,1976-11-03 08:24:47
43f4c8ba-32b7-419e-ad4d-4e62732a88f4,John Williamson MD,heathersantiago@example.org,Full Stack,Sr Software Engineer,1987-07-15 09:46:32,1988-03-23 10:05:21
c9ac29ae-eb45-498c-a49d-ea56c7795843,Ryan Gonzalez,nicholassharp@example.com,Data Engineering,Software Engineer,2011-03-10 13:00:18,2020-01-09 20:55:34
828f94e9-0ff3-4586-bbe5-6ca3085e765c,Barbara Henderson,wtucker@example.org,Data Engineering,Software Engineer,2022-04-26 11:39:36,2014-09-03 15:16:58
74403a01-f895-4d75-8ccc-06163b6f379e,Jane Chapman,cmorris@example.com,Full Stack,Sr Software Engineer,1991-10-25 02:51:45,2014-01-06 17:55:57
a5839925-6c62-445b-a33e-1567086ea4d3,Ashley Mckee,jonathan23@example.com,Data Engineering,Software Engineer,2004-01-12 19:36:26,1993-04-25 01:26:39
8854a25d-7466-428d-94cf-ffb719297ad9,Christine Wright,briannaneal@example.com,Full Stack,Solution Consultant,1979-04-26 03:24:03,2014-12-31 03:07:46
5d286559-a872-4d11-b35c-6ac258bead1b,Laura Gonzalez,annacastro@example.net,Data Engineering,Solution Consultant,2010-05-07 09:43:46,1971-10-08 02:04:37
dc913ed9-d428-4848-a17b-d886232d4c6d,Joseph Petersen,nicholas21@example.net,Data Engineering,Solution Enabler,1982-04-06 11:36:36,1999-03-17 02:51:30
10f39c25-2ae3-4c1f-838f-465ddf97585e,Tyler Page,kathleenlivingston@example.org,Data Science,Sr Software Engineer,1991-04-04 07:54:44,2023-05-24 15:42:49
d8162a77-eed9-4dfa-b997-e8c25757412e,Tina Hooper,taylor41@example.com,Data Engineering,Software Engineer,1998-03-18 21:23:54,1985-07-13 12:56:12
b23553a4-d2d8-494a-aada-e6f723cb1aa0,Richard Blair,douglas28@example.org,Data Engineering,Solution Consultant,1987-10-03 18:17:22,1990-10-04 02:27:01
8f5022e2-f17d-401d-b3f2-0b90421431b0,Juan Hopkins,shanematthews@example.org,Data Engineering,Solution Enabler,1990-07-22 11:24:55,1982-01-12 05:49:36
f68e1a24-ab50-494a-9ff7-0364caa4ace7,Stephanie Dixon,gutierrezmatthew@example.net,Data Science,Sr Software Engineer,1990-02-12 11:25:29,2001-03-01 15:20:45
a163fbce-5973-441d-95ba-60e066b61853,David Anderson,sarah26@example.org,Full Stack,Solution Consultant,2022-03-12 21:41:51,2012-02-15 22:45:26
3a570697-d4ae-4840-8189-da5a7b298336,William Salinas MD,jacksoncarolyn@example.net,Data Engineering,Solution Consultant,1980-12-17 19:58:40,2015-02-21 16:56:42
7e449dcd-82db-4708-b96e-7b1ad599c5c9,Allen Romero,qcox@example.org,Data Science,Solution Enabler,2004-08-07 21:49:13,1981-06-10 04:20:40
49660b11-b54b-4cf7-8a57-35743b8f3cf6,Emily Adams,andrea51@example.org,Data Science,Software Engineer,1981-04-21 04:54:32,1987-01-31 06:13:08
857cb577-8050-465c-ac98-e97fa0b4ddbe,Eric Lamb,danielmiller@example.org,Full Stack,Software Engineer,2022-04-14 06:39:01,2022-01-08 01:10:49
58f1a1d3-be43-41cc-95cf-f5ed741974a9,Shirley Thompson,carolwilliams@example.com,Data Science,Software Engineer,1976-12-28 20:17:20,2017-01-13 15:22:53
117c1c5b-37be-4fc6-851e-fb7cf77a74c9,Michael Abbott,connie28@example.com,Full Stack,Solution Consultant,1992-09-28 12:47:38,2001-04-10 07:03:24
2aa0912e-e1c3-418c-8368-f53393249b6a,Kelly Small,meghan00@example.net,Full Stack,Sr Software Engineer,1998-11-07 13:42:08,1974-11-22 13:32:03
e50cd517-2f50-41d1-b958-78c8f8b2a99c,Barbara Bishop,uwhite@example.org,Full Stack,Solution Enabler,1989-10-21 09:35:15,1991-08-10 22:41:52
88efc787-8063-449a-8e87-f640476c5ee0,Craig Chapman,mendezstephen@example.org,Data Engineering,Solution Enabler,1972-10-26 16:18:12,2009-06-26 00:52:54
2de5c783-5de0-4cd1-9cc9-8404fa66726b,Heather Pierce,perezanthony@example.net,Full Stack,Sr Software Engineer,1993-05-15 20:30:23,1981-06-09 22:23:03
e6122812-6762-4d98-bc5b-6992f35d0d77,David Copeland,zhernandez@example.org,Data Science,Sr Software Engineer,1975-04-13 23:37:06,1982-03-17 23:32:16
945f9a71-8670-4017-b59f-49547d427097,Daniel Montes,craighenson@example.net,Data Engineering,Software Engineer,1980-01-16 18:06:11,1974-04-26 08:54:06
b918379b-d696-4b60-b0bb-7f698a85a31e,Brittany Wagner,anthony96@example.net,Data Engineering,Solution Enabler,2004-05-27 16:05:52,2006-12-30 10:48:04
5cf759aa-9eea-4c6b-b18d-e4b90b19b1c3,Jeffrey Taylor,kennethstewart@example.org,Data Engineering,Sr Software Engineer,1985-07-02 06:34:41,1974-08-28 12:33:30
4fe98cbc-8998-4fb9-a0e3-5842e845c9f8,Stephanie Schaefer,ulozano@example.com,Full Stack,Sr Software Engineer,1978-01-02 17:17:02,1981-03-10 16:53:53
a289056b-35ab-4d09-9a07-a4629a8f0a7c,Mark Evans,denise34@example.com,Full Stack,Software Engineer,2007-01-17 07:04:13,1992-05-27 17:12:33
44fa6890-ddc4-4029-9e8b-5e0abe20887d,Kathleen Jackson,yhill@example.net,Data Engineering,Sr Software Engineer,2007-11-07 14:06:48,2017-08-28 13:24:16
36e6fd41-e0b7-489f-94b4-5999d3915c48,Steven Fritz,schaeferelizabeth@example.org,Full Stack,Sr Software Engineer,2013-06-14 11:32:39,1980-03-20 13:25:07
084d87da-0531-448f-9a09-2dbb0582479d,Jennifer Stevens,kellytaylor@example.com,Data Science,Solution Enabler,1985-11-23 03:47:44,2008-08-12 11:41:43
78550413-3561-435f-a99d-9a49bb4d306f,Larry Reeves,toddsmith@example.com,Data Engineering,Software Engineer,2011-12-20 15:46:30,1971-11-21 16:23:49
07db4bc9-fec0-4a8b-87b3-8e64b79276ed,Andrea Holland,david06@example.net,Data Science,Solution Consultant,1976-06-18 20:56:21,2006-06-29 18:16:37
f560a51e-5fa3-470d-89c3-203431bd2341,Scott Thomas,rgonzalez@example.org,Full Stack,Software Engineer,1984-01-11 16:22:13,1993-10-13 16:09:38
216b3f86-819e-4c9c-924f-b7adabf7f272,Hunter Johnson,lisachan@example.com,Full Stack,Solution Consultant,1982-09-29 14:52:45,2003-04-10 03:02:41
7114311d-801e-4c49-8523-ace2d6a1d1f8,Gary Sloan,maureen22@example.org,Data Engineering,Solution Enabler,1977-03-19 09:50:37,2002-03-12 12:45:19
88380d76-6c5c-4aa6-976c-7babd2e2f21a,Judy Miller,djoseph@example.org,Full Stack,Software Engineer,2013-03-03 19:10:22,2015-03-23 21:48:50
dd837b82-b00b-499f-ba07-11309b452125,Tina Garcia,abaxter@example.com,Full Stack,Sr Software Engineer,1998-02-15 00:24:18,1982-07-13 02:33:43
f438d10e-b0d2-4822-bce3-e256d03f21b5,Christina Cox,zsilva@example.org,Full Stack,Solution Enabler,1986-02-03 08:28:19,2008-08-31 14:00:46
b2bd66bc-982f-4210-a9ef-5e5fee4a3c0a,Kelsey Stone,imcgee@example.com,Full Stack,Sr Software Engineer,2023-12-26 21:59:14,1971-02-05 16:04:51
eac09e9d-417d-47ae-9179-6813e4039b9f,Heather Scott,hughesrachel@example.com,Data Science,Solution Enabler,1997-05-23 14:31:53,1982-07-27 05:02:43
9ce74aba-63f9-4626-8512-3d8a6a272220,Laura Jenkins,joseanderson@example.net,Data Engineering,Solution Consultant,2022-02-11 10:06:08,1997-06-11 12:32:03
1afef71d-f3fc-40c0-b8b8-e5d5dc4447de,Nicholas Curtis,usingh@example.org,Data Engineering,Solution Consultant,2001-01-09 02:09:09,1982-12-26 17:07:27
69809cf9-a2d6-415a-9a8a-e11562fd16f2,Michael Casey,agarcia@example.com,Full Stack,Solution Enabler,1997-06-07 17:34:34,2013-02-07 15:11:52
722d0942-4bcc-42e0-aa5e-9a3b7b5ce2b9,Courtney Glass,peggywilkins@example.net,Full Stack,Software Engineer,1980-01-08 14:46:58,1982-02-11 13:52:32
8594cdc8-bc28-4263-92b6-ec5be8de2821,Stacey Cooper,isandoval@example.net,Full Stack,Software Engineer,2001-07-23 17:50:42,2018-10-06 06:35:26
5536bdcd-3fee-42eb-9adb-27c95f698508,Denise Martinez,heather83@example.org,Full Stack,Solution Enabler,2003-06-14 22:04:44,1984-09-19 00:35:21
d37c6522-71b7-404c-b914-17f612df9044,Anthony Richard,angela97@example.org,Data Science,Sr Software Engineer,2003-05-15 02:27:33,1976-01-10 07:42:29
f153c8fb-923c-477a-9c03-58fb92548843,Tracy Rivera,cookmary@example.com,Data Engineering,Solution Enabler,2013-04-04 09:02:53,2009-03-08 05:00:07
a9376b3c-92b6-4125-8dd6-c43695a47cbc,Katie Meyers,georgeanderson@example.com,Data Science,Sr Software Engineer,1996-10-09 19:29:36,1988-05-17 08:29:04
bb689e4b-e149-4957-913f-56a2760522cf,Kathy Turner,anthonyandrews@example.net,Data Engineering,Sr Software Engineer,2018-02-03 20:13:12,1975-10-06 01:19:46
a7cd6db9-4d84-4aec-b57e-5b045916d792,David Proctor,andrea17@example.org,Data Science,Solution Consultant,2015-03-23 08:36:12,1995-09-25 03:22:05
c712d4ab-5294-4b74-a8d2-bed54b6fc4ee,Shaun Fleming,matthewsphilip@example.org,Full Stack,Solution Consultant,2001-01-10 18:32:37,2012-09-17 22:37:33
696cc855-b533-405e-8855-c462f00d276d,Justin Oneill,nglover@example.net,Data Science,Solution Enabler,1999-12-09 21:16:38,1982-11-18 21:08:48
5b2b1dfb-ceb0-4c02-a9c6-d31df7fc927c,Sean Cooper,davisdeborah@example.com,Full Stack,Sr Software Engineer,1975-07-14 08:04:11,1993-12-14 18:13:08
799a6013-2ff1-45a9-b3f8-009d08688d05,Brandon Carr,yharris@example.net,Full Stack,Solution Consultant,1977-06-09 02:03:51,2010-09-04 03:00:49
adb023d0-d568-4d6a-a4f4-b1f390d6241d,Kathleen Weeks,tylerferguson@example.org,Full Stack,Sr Software Engineer,1976-04-15 03:26:43,1992-12-10 15:09:15
8237a72f-075e-420b-adfe-0259c0aeff20,Karen Farmer DDS,patriciaharrison@example.org,Data Science,Solution Enabler,1990-12-30 14:52:25,1989-05-24 07:31:27
36d49010-1a09-401a-9508-8ba776650531,Hannah Robbins,reginagallegos@example.com,Full Stack,Solution Enabler,1987-04-17 21:48:19,2005-05-14 12:33:48
632e1e24-7abc-4d41-b745-a7d9463ea5fe,Dr. Luis Chung,jorr@example.org,Data Science,Sr Software Engineer,2023-02-21 04:12:14,2008-04-14 10:18:38
c8b8dfae-76ac-4beb-a479-6820c1ef8e57,Pamela Simmons,bellmichael@example.org,Full Stack,Solution Enabler,2008-12-04 14:56:21,2014-12-13 06:45:28
1d83d8f1-3988-42a0-9a9b-df97b7724c9b,Jeffrey Chambers,carrdaniel@example.net,Data Engineering,Solution Enabler,1993-03-26 09:41:00,1974-11-07 22:35:51
65a1db1c-9d45-42e4-8d3d-8ecb147338bf,Mario Ray,jacquelinenavarro@example.org,Data Engineering,Solution Enabler,2005-05-11 17:47:17,2013-07-11 08:12:56
6e12568f-073b-4938-b870-d98dadad7a92,Tina Gonzalez,smithnicholas@example.org,Full Stack,Solution Enabler,1989-07-24 08:33:35,2009-09-25 01:02:46
06186c3f-3185-4cf3-9619-6d0726c095f3,Arthur Davila,linda73@example.com,Full Stack,Sr Software Engineer,1979-01-21 23:09:42,1986-01-07 08:36:43
6620bc73-86b3-4d41-9d20-2fafbdb60129,Mr. Andrew Herrera,adamsalbert@example.com,Data Science,Sr Software Engineer,2022-08-14 17:55:05,2000-02-03 08:17:22
94e8ee3f-47c7-48b9-bbc2-550779bffee1,Mark Johnson,murphyluis@example.org,Data Engineering,Solution Enabler,1999-02-07 07:02:57,1998-03-01 19:08:49
d29bf37b-075a-4969-b5f9-89072aec20d7,John Bailey,sparkssharon@example.com,Full Stack,Software Engineer,2023-05-04 14:09:49,1976-09-06 03:50:50
994ea6a7-fa28-45d8-a1fd-76a270cb22b3,Mitchell Gonzalez,efrancis@example.com,Data Science,Software Engineer,2003-11-12 20:09:21,1984-09-19 04:58:26
f8a470e1-d5da-46da-9a8a-d06867f8cb6e,Mitchell Romero,hgarcia@example.com,Full Stack,Solution Consultant,1978-03-15 18:04:04,1977-04-23 09:50:47
ab8ab7e0-1c48-445e-a1ff-01677523e987,Mrs. Ashley Golden,brownolivia@example.net,Data Engineering,Solution Enabler,2018-08-06 14:36:15,2008-09-22 04:03:52
b324c2ef-5c3e-4659-8f9a-085f18db3565,Anthony Levy,jackmartin@example.com,Full Stack,Solution Enabler,2014-12-13 00:01:35,1998-12-02 12:35:44
e9218c61-21e3-4e6e-ab46-aa302eb52bb7,David Henry,jacqueline50@example.com,Data Science,Software Engineer,1998-04-10 00:23:37,1990-10-17 20:03:45
565e701d-d821-49f3-9797-83b007767b9c,Stacey Sims,kimberlysmith@example.org,Data Engineering,Solution Consultant,2022-03-24 18:37:32,2003-07-15 18:38:25
b6194b99-8d5d-4cf7-8d63-8feea2b63842,Gregory Williams,xjohnston@example.net,Data Engineering,Sr Software Engineer,2020-03-04 09:51:29,2013-11-22 03:42:08
e9e8d021-3807-4cc0-80f7-f06fbd26c330,Brenda Nixon,kevin10@example.net,Full Stack,Solution Enabler,1981-03-14 15:51:47,2003-11-19 05:14:16
40f2de19-51af-4989-bc1c-e5d7e32e1c5d,Jonathan Spencer,davisnichole@example.org,Full Stack,Solution Enabler,2008-06-08 00:49:19,2024-09-06 20:10:34
03a43572-f397-4c5a-8cfa-66d95a3ba56a,Jessica Hull,jpatterson@example.org,Data Engineering,Solution Consultant,1972-10-01 19:55:37,2015-09-22 19:31:13
d722055f-8e5c-45d0-b7e9-1135394cdf43,Stephanie Archer,jenniferscott@example.com,Full Stack,Software Engineer,1978-09-03 09:20:07,1971-07-06 05:52:36
cdb45c5c-a7f6-44ac-8912-6d09020d29a4,Karen Brooks,robert48@example.net,Data Engineering,Solution Consultant,2009-12-10 13:15:05,1974-07-31 14:10:45
af3d2a70-b6b4-4d29-b8c0-4fc87873644a,Autumn Campbell,brownronald@example.org,Data Engineering,Software Engineer,2008-09-01 19:39:50,2019-01-23 04:59:02
8f4a18e7-be87-458b-bdf4-b5a11bf6dd06,Kimberly Dunn,pattonregina@example.net,Data Engineering,Solution Consultant,2014-09-30 21:59:25,2002-10-12 23:04:28
954940b6-5163-4d4e-bdfe-5b48d6477392,Dana Robinson,james20@example.org,Data Engineering,Solution Consultant,2008-10-06 13:19:22,1983-04-14 00:18:07
0fe6d177-b7a9-4f2a-90be-b0d4cf9d5a1e,Stacy Roberson,josephhines@example.org,Data Science,Solution Enabler,1981-06-01 16:17:08,1976-10-02 07:22:07
8daa0354-ed32-4cd9-8e00-bbf5ac2bb6af,Marie Wilson,franklinkelly@example.org,Data Science,Solution Enabler,2008-04-13 05:06:16,1992-07-04 12:45:24
10309e4a-4abb-4f07-8181-1c9f394b2f2f,Shannon Mckinney,jamesmatthew@example.org,Data Science,Sr Software Engineer,1986-09-04 02:45:51,1977-08-27 04:50:50
eeec4b62-ca23-432d-8471-0cc821c674b3,Jacqueline Henderson,wilsondavid@example.net,Data Science,Solution Consultant,1997-09-17 09:14:27,2020-08-20 07:23:03
a68af413-501a-4fb9-8612-8e0c43ea225e,Joe Gibson,ernestwagner@example.com,Data Engineering,Sr Software Engineer,2011-11-07 15:28:23,2007-05-21 01:18:06
23e8c90e-5bc5-4a1a-b5f3-cba9bf57c141,Laurie Potter,rgarcia@example.com,Full Stack,Sr Software Engineer,1991-10-07 00:53:18,1991-03-08 13:47:30
0ca2f0a2-049f-4521-82fe-7f8c91fad3e4,Kellie Brown,xreynolds@example.net,Data Engineering,Solution Enabler,2007-04-05 04:34:40,1999-08-13 03:57:02
84a64bfa-5786-47fc-92dd-6682a8068da5,Michael Miller,william53@example.com,Full Stack,Software Engineer,1981-01-31 11:52:11,1995-02-15 23:08:59
f9c034b1-c5aa-42c8-9ce4-5ac1d16d6a86,Timothy Robles,jacksonjennifer@example.net,Full Stack,Sr Software Engineer,2019-06-17 09:09:49,1984-01-13 04:35:57
a0d9de91-7e4c-4e24-ba4c-ca113fa8b82a,Barry Holloway,erik74@example.net,Full Stack,Sr Software Engineer,1977-01-29 19:20:20,1998-04-01 23:45:01
2d69753f-26b4-44fa-be2d-ba71d8344ab8,James Sanchez,bensondebbie@example.org,Full Stack,Solution Consultant,1979-09-03 05:30:53,1981-10-22 04:09:35
4b0b4d2c-c59a-40b6-9c33-d236da7fc7e6,Jonathan Camacho,jessecarroll@example.net,Data Engineering,Solution Consultant,1977-12-03 18:09:06,1971-01-14 12:51:04
e05ff320-aa82-43ff-984f-748bab0527da,Joseph Graves,timothycummings@example.net,Data Science,Solution Consultant,1981-08-28 06:01:10,1983-06-02 02:11:09
598c6dce-f5c8-46f4-80b2-99dee23ea4ed,Christopher Peterson,cassandranixon@example.org,Data Engineering,Solution Enabler,1994-02-13 04:41:24,1994-03-17 01:50:36
fd5bb236-3a4a-4c6a-a4c5-8f320d5432b7,Candice King,wilsonerika@example.net,Data Science,Solution Consultant,2008-01-16 10:06:15,1993-12-02 18:12:01
e76fc6f0-d52f-4b72-bf67-6d4592e5ce24,Lisa Wagner,wilsonvictoria@example.com,Data Engineering,Solution Consultant,2017-08-06 10:47:13,1977-04-22 17:24:27
7e5fcce7-a177-4110-a8a0-7143eb047d7f,Rebecca Glass,randy09@example.net,Data Science,Solution Consultant,1978-10-12 13:38:13,1995-10-09 06:58:03
49881b98-7af2-48a4-b3a2-d3a04e6b6bb5,Jessica Flores,anitaflynn@example.net,Full Stack,Solution Enabler,1997-06-23 05:40:22,2005-08-27 08:35:50
719535fe-bad1-40b5-b609-810935b4434c,James Calderon,davidlewis@example.com,Data Science,Solution Consultant,1975-05-05 14:28:52,2000-03-11 15:04:03
6a61f77f-2321-4aeb-84cb-bf97b4a62d0b,Christopher Meyers,brendabutler@example.net,Full Stack,Sr Software Engineer,1993-09-02 12:40:01,1980-07-07 09:12:36
f71f5c92-d8be-4899-a491-97dab2f7f615,Rebecca Gonzalez,tracy96@example.org,Data Science,Software Engineer,1991-08-18 17:31:30,2023-08-30 11:02:50
fe2b0653-6cef-4e40-90cf-1ba5b091a62d,Tiffany Boone,dromero@example.com,Data Engineering,Software Engineer,1978-05-09 13:27:33,2007-02-04 19:19:43
875b9ba0-c8f1-499c-a2ee-cbd31124cf2a,Veronica Fernandez,alicia18@example.net,Data Science,Solution Enabler,1990-01-07 19:24:53,2021-09-15 13:59:48
c42f73e1-50c1-4b7b-8ffd-349444eedbd4,Bryan Benitez,allenwilliam@example.com,Full Stack,Software Engineer,1992-09-21 02:16:26,1980-04-10 14:43:14
1ac7fafd-6893-45cf-a407-009bfbadea40,Heather Diaz,johnwilliams@example.net,Data Science,Solution Enabler,1987-08-07 06:14:52,1991-08-21 04:58:18
998f401b-6bbe-4da1-a231-fab69d2d5af9,Hunter Barnes,rodgerschristopher@example.org,Full Stack,Solution Consultant,1987-03-10 16:23:44,1972-03-19 01:09:11
d531743e-0242-4415-a5c9-0382b74a6eb6,James Smith,tylerwhitaker@example.com,Full Stack,Solution Enabler,1970-12-03 03:09:52,1971-10-09 03:33:01
3af61b72-2de9-4b92-9361-0def5e0fccd3,Jamie White,tammy19@example.net,Full Stack,Solution Consultant,1998-01-30 10:51:03,1979-03-23 04:51:55
a9bd6d33-d1c9-4ca9-b9d3-7e33b9b2cde8,Tiffany Gonzalez,alejandro56@example.org,Data Science,Solution Consultant,2012-11-06 22:32:11,1985-07-12 22:03:40
6eb5a2af-cbc1-4bc6-9fd9-4d95ee57e428,Tiffany Leonard,charlesdavis@example.org,Data Science,Software Engineer,1985-11-19 00:31:24,2011-04-26 01:20:48
ff810218-0960-426b-b268-0c1eddb20723,Oscar Moore,cheryltran@example.org,Full Stack,Software Engineer,2020-06-10 19:25:46,2002-07-02 01:20:10
c6a23973-2307-4e4f-97ba-2d0d42c30892,Debra Hall,feliciagoodwin@example.net,Data Engineering,Sr Software Engineer,2008-03-19 04:00:12,2015-04-23 13:23:12
a0bb1761-db34-4c34-806c-f4ac4eaade11,Jessica Knapp,nicholaslopez@example.net,Data Science,Software Engineer,1991-09-27 10:56:14,2014-08-07 17:42:19
eb418ecf-9520-4641-98d1-841cb1a02e75,Elizabeth Snyder,lcarter@example.com,Full Stack,Software Engineer,2020-11-07 06:14:18,2014-02-19 00:57:27
c9d47467-ed6f-4ef3-8983-3585e2c1d9e9,Rhonda Hill,kbarton@example.com,Data Engineering,Sr Software Engineer,1981-05-23 21:49:53,1995-05-11 11:49:33
11b87990-14ad-42a8-8d26-a11f1976ed47,Bradley Little,vrivera@example.com,Full Stack,Sr Software Engineer,2012-03-08 21:05:31,1989-07-30 16:51:01
450dc66b-e5ff-4cb6-847c-e423287276f2,Angela Lopez,richardsonalex@example.org,Data Engineering,Solution Enabler,2020-11-23 08:29:23,2021-01-12 19:54:46
ab7c0b12-f154-4ab7-8d5b-20559fd8364d,Christian Williams,ashleymedina@example.net,Data Science,Software Engineer,2013-08-28 19:33:40,1976-12-15 20:33:21
be14aaad-1f1b-4019-81a7-9e8537d16022,Jessica Boyd,joseph62@example.com,Data Science,Solution Enabler,1999-08-31 11:34:09,1984-11-02 15:49:51
a92fd076-0539-4058-b08e-8fde1d41f8a1,Michele Hancock,dixonanna@example.net,Data Engineering,Solution Enabler,2022-07-28 13:36:05,1996-07-25 21:53:02
96f5d27d-58b4-4b3c-8af4-8cb838008a26,Lisa Greene,gibsonashley@example.net,Data Engineering,Solution Consultant,2005-11-23 22:03:13,2000-12-22 09:21:14
d1ddaa41-6bf9-49c3-9ec4-3e3d4d9b1e37,Jasmine Maynard,tellison@example.org,Full Stack,Software Engineer,2005-03-04 14:40:38,2016-03-10 23:01:18
c38dc04a-37b0-45a4-86cb-b27ca1f4ea89,Tracy Miles,williamssamuel@example.com,Full Stack,Software Engineer,1996-02-16 16:02:37,2000-03-31 18:28:47
e1ab434d-8a25-46e6-9a89-76a376470557,Kevin Perez,kmorgan@example.org,Full Stack,Software Engineer,1978-01-22 05:50:13,1976-09-04 01:36:55
43242eca-309d-4557-86da-291c27c101e7,Mr. David Torres,aprilrosales@example.org,Data Science,Sr Software Engineer,2014-03-10 15:18:06,2010-04-29 12:02:22
076fd182-d465-4b2c-b0eb-b59fd4aa179c,Richard Johnson,cathy25@example.net,Data Science,Software Engineer,2001-01-03 22:46:39,1984-12-10 22:07:39
e9d9aea6-8b2e-4f5a-8b70-289ca86b4e91,Travis Reed,kimberlytorres@example.org,Full Stack,Solution Enabler,2006-02-24 15:45:49,2014-11-14 06:22:13
ef1cb098-7e5d-496a-8405-5beb2d7bb2eb,Kelly Matthews,perrycharles@example.net,Full Stack,Solution Consultant,2015-03-13 05:17:35,1993-10-31 18:04:01
06bbaba8-c872-46a4-923b-748ad9883bdb,Jimmy May,michellewiley@example.org,Data Science,Sr Software Engineer,1971-03-11 02:35:30,2017-06-24 12:11:50
55e9df6a-b61f-47ae-873c-9744797d1af3,Mary Davis,dsmith@example.net,Data Engineering,Solution Consultant,2016-11-28 02:17:35,1992-10-28 05:20:56
65d34299-bdfa-4acb-935b-e9093016230d,Melissa Montes,derekkelly@example.com,Data Science,Sr Software Engineer,1989-05-18 11:32:33,2004-02-06 12:04:25
96686194-16d6-429b-8c1e-a0c906fbcd4c,Angela Christian,emcdonald@example.net,Data Science,Software Engineer,1975-09-26 03:24:13,2012-06-05 02:48:03
877cc6b9-2785-4578-ac7c-f0d442d3cc74,Donald Armstrong,gilbert89@example.com,Data Science,Solution Enabler,1988-03-12 18:45:06,1984-09-25 09:59:59
b4b38ceb-1f2f-424d-86c6-2b8e31c0c9bd,Parker Smith,kristenbrown@example.com,Full Stack,Sr Software Engineer,2010-12-16 18:52:25,1984-08-08 20:37:09
f62bad66-e8ed-4285-8f82-e7500f28f0ed,Andrew Johnson,washingtonsteve@example.net,Full Stack,Sr Software Engineer,2015-03-24 03:35:19,2010-07-06 22:12:31
af8cb598-19c8-4f3e-963f-4ee478e69aad,Natalie Brown,teresadavis@example.net,Data Science,Software Engineer,1985-04-17 22:26:17,1992-06-10 20:39:00
e2d3c9bb-e0cf-4362-9911-b520586dad88,Mrs. Michelle Smith DVM,smithkayla@example.com,Data Science,Solution Enabler,2005-03-10 14:05:33,1987-09-18 19:51:44
c629d01a-5135-4990-8cc7-1f340c40f746,Michelle Cortez,lwilliams@example.com,Full Stack,Software Engineer,2001-03-15 18:24:25,1998-04-01 20:23:03
70240083-fe01-4c98-a848-31a5e4731f25,Bryan Patel,xchambers@example.net,Data Science,Solution Enabler,1971-12-16 07:53:44,1975-05-14 01:32:58
8e018cc6-8e18-453c-89b6-80fe5970fe8f,Anna Preston,cynthia78@example.org,Full Stack,Solution Enabler,2007-06-29 00:52:32,1977-03-05 05:43:03
b143140e-8517-4a72-bd77-934fdcb6e277,Ryan Bradley,ebailey@example.net,Data Engineering,Sr Software Engineer,1977-09-25 15:59:07,2023-05-16 22:11:00
55a6dd1c-2e73-4b7d-ac9d-5615f0bbd91e,Evan Hall,matthew57@example.net,Full Stack,Sr Software Engineer,2024-04-05 04:54:23,2016-09-21 02:14:18
592826d0-e142-45c8-a6b7-cd5da0fb4af0,Tara Stevenson,ydyer@example.net,Data Engineering,Solution Enabler,1996-05-05 01:46:17,1982-07-29 01:19:39
f3d3fbdb-5190-4caf-8299-3510408d0d73,Regina Cannon,garciadavid@example.net,Full Stack,Software Engineer,2008-11-06 08:26:43,2017-08-02 01:14:25
15dba6d0-1633-4f84-a3da-04eb253a128b,Andrew Ali,stevenmacias@example.net,Full Stack,Software Engineer,2005-04-15 19:23:44,1991-07-23 06:04:31
dda79526-b950-49eb-ae33-fb122c97ebf4,Hunter Newton,velasqueztammy@example.net,Data Engineering,Software Engineer,2015-06-17 04:17:01,1990-10-29 08:01:05
b7a1c693-8479-4ef0-bcdd-8a6e307d3c70,John Figueroa,stephanievaldez@example.com,Data Engineering,Solution Enabler,2015-09-01 23:21:26,2013-09-21 21:31:53
255cd756-10b7-4f8c-9e62-09007264b4d4,Joshua Powell,josephpalmer@example.org,Data Engineering,Solution Consultant,1976-09-13 20:58:01,1987-10-09 17:41:35
8f25c95d-d388-44ed-b6fd-bfbecc007de7,Isabella Bond,matthewryan@example.org,Data Science,Solution Enabler,2024-02-14 19:57:57,1974-11-06 21:59:08
a0f91afa-a3f5-4f10-b93a-7bc3afbf82e6,John Williams,jonesbrenda@example.net,Full Stack,Sr Software Engineer,2016-01-01 19:45:50,2020-08-18 18:17:01
a5db7a42-e2dc-43b7-bd7b-00a9771cb763,Mr. Daniel Caldwell,jessicawright@example.net,Data Science,Solution Enabler,1988-10-01 22:01:17,2014-06-15 15:46:44
86dc8fcd-0879-4c89-8459-ab6004e530ae,Danielle Robinson,daniel95@example.net,Data Engineering,Solution Enabler,2004-10-29 17:02:36,1990-08-27 00:34:41
a91bd7d8-c960-4b46-be12-888754314648,Isaiah Harrell,wileytim@example.org,Full Stack,Software Engineer,2022-05-14 09:17:34,2015-09-19 05:56:35
9ded3e37-9efb-4224-9c12-37e59e3632d6,Shannon Noble,alewis@example.org,Data Engineering,Sr Software Engineer,2006-06-11 22:15:00,1974-09-09 06:33:51
79b9d035-6b27-473c-bf1c-6eb4582d18d9,Colleen Watson DDS,brandtcynthia@example.net,Data Engineering,Solution Enabler,2001-10-03 03:59:20,1990-01-16 03:07:51
0d10f2be-85ee-479d-a29d-daebe01190b2,David Moore,grahamjill@example.com,Data Engineering,Sr Software Engineer,1987-02-01 09:05:55,1979-12-31 15:40:14
27587de0-558d-4e1a-8308-ca92dd5d3f52,Kevin Lin,ashleyhall@example.com,Data Engineering,Solution Consultant,1986-04-16 16:49:23,2013-11-20 20:39:28
5ebc2306-b022-498a-96f2-0c96a0d511fc,Ryan Mccall,alexander66@example.com,Full Stack,Solution Consultant,2017-01-23 18:34:57,1987-05-27 08:39:35
d351e5d3-c732-451c-bea3-cf879efe1d80,Kathryn Lynch,carlosmorgan@example.net,Data Science,Solution Enabler,2007-02-09 21:50:22,1983-02-23 14:56:41
3d5d29e0-03ad-4516-9934-6a3032067ad9,Janice Hopkins,carolyn31@example.org,Data Science,Sr Software Engineer,2019-01-25 11:32:59,1989-06-18 17:04:48
50f0d9b2-7cf7-4ead-83d4-d5180f1a7636,Tamara Gonzalez,dyerjulia@example.net,Full Stack,Solution Enabler,1994-04-08 20:10:18,2009-10-31 20:46:04
71fe827c-596f-4fe6-91fc-9dc130170136,William Steele,kathleen21@example.net,Data Engineering,Solution Consultant,1983-06-20 16:24:55,2014-05-15 00:46:34
034c6bec-1848-4adc-a7b8-47ed28382940,Kristen Trevino,jessicasims@example.org,Full Stack,Solution Enabler,1995-02-21 06:05:06,1973-01-16 07:30:01
51ea4e0f-8987-45c6-b9b7-a2aa8cf0952d,Joanne Macias,sedwards@example.net,Data Science,Sr Software Engineer,2018-09-10 10:14:52,2005-12-09 07:32:17
e623d946-f475-4b5c-9698-60671da3dd15,Terry Ritter,ibenjamin@example.net,Full Stack,Sr Software Engineer,1986-01-31 03:01:46,2005-05-01 10:21:27
d8d4e09c-833c-4c91-a4b3-fddf6218f168,William Kent,christine02@example.com,Full Stack,Solution Enabler,1989-09-14 16:57:30,2004-11-06 22:04:57
850cb0e1-a42b-4205-9219-23e642cd292a,Charles Goodman,ericasparks@example.net,Data Science,Solution Enabler,1975-08-03 06:10:30,2003-12-11 07:08:03
1ebdc88d-2643-4a6d-b1df-c444060e1e0d,Lori Williams,xhill@example.net,Data Science,Solution Consultant,1981-05-08 18:57:36,1989-01-01 14:29:25
7fd0a260-80e2-4c73-9c81-1374c73dce21,Austin Miller,cynthiairwin@example.org,Data Science,Solution Enabler,2005-11-25 00:44:08,2007-12-26 22:24:01
59dfbeca-0f97-4427-bd8a-622b9f7c74ad,Michael Mckinney,reyescarol@example.net,Data Science,Solution Enabler,1974-08-07 05:47:49,1977-05-11 02:28:03
ed589f55-f9ca-4334-9c18-fe1c651f5bd9,Samantha Howell,tfrost@example.com,Data Science,Sr Software Engineer,1983-02-02 19:55:38,1981-04-03 02:37:11
69211bcb-be9b-4ec4-8db9-149a74eeba48,John Cannon,lindseylisa@example.org,Full Stack,Sr Software Engineer,1973-10-24 06:23:10,1978-05-28 11:16:13
5925fafa-54a3-4309-9410-b6c2a31598ad,Kyle Cole,akramer@example.net,Data Science,Solution Enabler,1973-01-27 14:39:20,2022-08-04 01:11:48
9d79e495-8f39-48b1-adac-315cea829609,Jodi Melendez,sbennett@example.net,Data Engineering,Sr Software Engineer,2011-06-05 20:13:36,1998-11-18 15:56:03
a5c362e0-9475-4308-9ecc-1f0e738fcaa4,Richard Wilson,xcooper@example.org,Data Science,Sr Software Engineer,2000-06-05 00:16:43,1977-10-11 04:38:06
1a341157-d704-40bc-bf2c-873a83721a18,Jeanne Perez,lorettamiles@example.net,Full Stack,Solution Consultant,2020-05-19 00:51:47,1972-08-14 22:20:22
f0b052bf-459a-4de9-abf0-2b4f21f2a67d,Colleen Jenkins,murrayjason@example.net,Full Stack,Solution Consultant,1989-08-09 15:08:18,2021-02-28 17:19:46
c8ac9973-70bb-4530-89ca-52f01d0d35d7,Jason Bell,zgarza@example.com,Data Science,Software Engineer,2020-06-09 23:40:01,1986-09-26 11:04:02
090aae22-98f6-427b-adce-c78554874642,John Jimenez,william89@example.com,Full Stack,Software Engineer,1972-11-05 05:14:46,1983-07-09 02:41:22
6409e185-b791-44fd-9be1-ef5c95fc10f2,Dennis Smith,jerryking@example.net,Full Stack,Sr Software Engineer,2016-03-05 01:18:37,2015-08-29 03:45:29
b7bae347-1d4b-47df-b8ac-93d7f9b2b75e,Joseph Arnold,johnsonkendra@example.org,Full Stack,Sr Software Engineer,1995-06-15 02:39:47,1995-01-31 15:23:06
22593326-6eac-412f-82f0-ea16add7b49b,Jacqueline Yang,ian47@example.org,Data Engineering,Software Engineer,1999-03-31 12:42:45,1980-08-05 16:15:12
49c5de5b-447d-49c1-aad0-d0eb72aa6804,Melanie Martin,timothy97@example.com,Full Stack,Sr Software Engineer,2021-01-22 04:15:03,1996-09-07 02:02:09
39ed15b7-e4a0-45c1-bdfb-33115664ac17,Michael Rosario,johnjones@example.com,Data Engineering,Sr Software Engineer,2013-12-28 17:38:43,1992-10-01 04:50:02
93738b59-0260-4106-9a68-0618be186d10,Walter Moran,sarah72@example.net,Data Science,Solution Enabler,2009-11-16 06:54:45,1987-03-07 13:16:28
bca2601d-af7c-4ebd-b585-59810ee1d341,Shane Miller,james38@example.net,Data Engineering,Sr Software Engineer,2005-11-24 06:05:18,2006-10-25 15:58:24
db6c98bd-a960-45d0-a667-5ab654bf0b4a,Cameron Adams,derrickgarcia@example.net,Data Engineering,Software Engineer,2005-01-05 09:23:21,1993-11-30 08:31:44
bee4ae04-d428-46f9-89d4-27312873b3ec,James Watson,cookmark@example.org,Data Engineering,Sr Software Engineer,1978-10-23 09:20:52,2008-10-01 09:35:19
e11635ae-f1e2-4b8e-b7e6-5470def64dbe,Christopher Barnett,taylorkristen@example.net,Full Stack,Solution Consultant,1996-03-02 23:35:08,2024-07-31 04:51:59
e8fa00c7-0a09-49e9-b5d2-5084fd36dd65,Robert Reyes,kathleen33@example.com,Full Stack,Solution Consultant,2021-10-26 19:05:23,1997-02-18 04:03:40
8160e718-5cf3-4f45-830d-c480c08a340f,David Gillespie,thomassamantha@example.net,Data Science,Software Engineer,1991-07-28 07:08:10,1996-03-28 07:36:22
d3af08bf-715f-4e6a-b94d-413e07d1ba33,Miss Karen Boyd,frank16@example.net,Data Engineering,Sr Software Engineer,1995-06-15 15:47:01,2000-09-23 09:41:16
714caf53-5ae3-46c7-b61e-a924528dd734,Kevin Macdonald,byork@example.com,Data Science,Software Engineer,1974-11-05 16:08:35,2012-02-23 12:41:12
97f982fd-ce30-47f8-b396-405391ba3e12,Derrick Davis,bushdavid@example.net,Full Stack,Solution Consultant,2009-09-08 15:28:04,1990-06-29 03:07:38
b523af62-d27c-4ae1-8d00-a0629a00f691,Brittany Dixon,gregory46@example.org,Data Engineering,Software Engineer,2001-03-20 05:36:50,2004-09-11 23:28:03
c35cc1b0-afb9-4a44-8ec6-224bb918c4ed,Ashley Phillips,jessicahooper@example.net,Data Science,Solution Enabler,1995-02-08 23:03:14,1990-11-02 14:22:47
9da08ca8-bc9d-42e3-8c6a-53fc1b7da4d4,Emily Williams,phernandez@example.net,Data Engineering,Solution Consultant,1981-04-23 17:22:17,2017-05-10 22:50:15
5e925dc8-c6ea-4c39-a30a-d9ee5a71822a,Matthew Hernandez,kguerrero@example.net,Data Science,Solution Consultant,1994-08-04 03:58:20,2000-12-11 01:12:11
1bcc57e2-1ba7-4232-bd3d-5f6cf5fbdd96,Jordan Davenport,thompsondavid@example.net,Data Science,Software Engineer,1984-10-06 10:42:45,2000-03-15 13:33:22
dbf426b2-081c-4d85-ad2e-4e0c3bf06ac3,Melissa Daniel,crivera@example.net,Data Engineering,Solution Consultant,1998-04-08 18:13:21,1983-01-17 21:05:02
0234fe90-722e-4605-b033-c2a659a48ff2,Tara Dominguez,john10@example.net,Full Stack,Solution Consultant,1975-06-21 09:46:29,2008-01-06 11:10:54
39edfea0-5076-451e-bc90-863051823da1,Jon Henderson,banksomar@example.net,Full Stack,Sr Software Engineer,1983-12-08 20:22:06,2018-07-22 10:55:13
8c117011-35b8-4f2d-8291-9676c054e7f3,Christine Eaton,rioschristopher@example.org,Data Engineering,Software Engineer,2009-08-12 04:32:32,1972-10-05 01:40:36
f27971d9-a170-4ea4-9567-a418c932ca23,Gary Gillespie,zjohnson@example.org,Full Stack,Sr Software Engineer,2004-04-16 21:49:25,2007-06-16 01:40:13
28dd0624-b482-47b9-b2a7-bee1a8b5fafb,Randy Williams,haley94@example.net,Full Stack,Solution Consultant,2001-04-26 03:02:16,2010-05-09 04:30:39
2e26ff44-d9a3-48b5-a13e-b1ed669c8b60,Shane Parks,forbesdavid@example.net,Full Stack,Sr Software Engineer,2019-08-15 21:03:37,1977-12-24 02:46:07
efbb80ce-584e-4e02-8013-1ed8f39a6220,Christopher Marshall,lramirez@example.net,Full Stack,Solution Consultant,1994-11-08 01:05:11,1974-07-24 13:13:59
3149a334-ebfc-4bf8-95e3-50cdf2aeb014,Karen Hunt,angelafischer@example.net,Data Science,Solution Enabler,2017-11-18 07:34:23,1987-03-20 23:39:08
afd6fe9f-ece5-4f80-bb81-1e0da0ace5d3,Amber Reyes,amy63@example.com,Full Stack,Solution Consultant,1983-04-04 17:22:06,2009-11-08 23:53:43
69826fac-4f07-45bf-9876-41d213c4e1b9,Stephen Hall,imartinez@example.net,Data Engineering,Sr Software Engineer,1980-06-04 15:47:31,1984-02-29 13:57:37
5e4081ed-961b-4985-ac07-496f25b87410,Barry Wagner,emilycannon@example.net,Data Engineering,Software Engineer,1971-12-14 12:10:07,2003-10-29 17:28:12
fd59229c-ecb6-4fca-acd4-923cd5c17b17,John Brown,paulkevin@example.org,Full Stack,Software Engineer,1999-09-09 01:48:37,1970-11-25 01:16:30
aa03b688-8d57-430f-875f-ef3f46e6757e,Lonnie Padilla,fredbuchanan@example.net,Data Science,Solution Consultant,1991-06-05 10:09:50,2020-10-05 16:23:05
96aea4fd-0a89-4336-8a6a-c855611b6a14,Michael Lewis,william90@example.net,Full Stack,Software Engineer,1984-06-10 20:08:19,1997-03-13 00:44:37
fbbe8c08-6e82-4977-b28e-1e540c49482b,Megan Curtis,vrodriguez@example.net,Data Science,Sr Software Engineer,1971-02-20 21:39:56,1999-09-26 06:18:38
30f0fadc-bb6a-4a06-8aaa-f6d656b0b51a,Howard Martin,xmartinez@example.org,Data Engineering,Solution Consultant,1971-03-15 20:41:04,1982-10-17 06:07:39
13e8f542-a331-4cbd-931e-bc6a22f41203,Christopher Mcdaniel,johnsonsamantha@example.net,Full Stack,Solution Consultant,2001-08-15 00:09:37,2003-02-05 14:48:51
3afaa635-2662-45a2-b704-841a1dd67dc6,Deborah Dennis,anita28@example.org,Data Science,Sr Software Engineer,2017-03-24 21:49:36,1988-03-29 00:30:31
f93ee289-50f6-4130-8efb-1cd3dd25c374,Olivia Kennedy,ramirezjohn@example.net,Full Stack,Solution Consultant,2021-04-18 19:57:35,1986-07-26 03:50:11
a9b498ff-4018-4a18-ac1a-3be17e034b5a,Anthony Stewart,colleen55@example.net,Full Stack,Solution Consultant,1995-06-15 04:19:19,1986-05-31 15:46:31
80b7fc71-b005-4de2-b63e-dc30a0535d84,Frederick Brown,bsalinas@example.org,Data Engineering,Sr Software Engineer,1976-08-12 11:12:45,1989-10-16 03:50:04
7d7fdf42-5a44-4a11-9042-c6719582be09,Joseph Barnes,gthomas@example.net,Data Engineering,Solution Consultant,2007-05-26 07:52:13,2016-06-11 05:00:35
979d95d9-4e87-4a0d-8683-d397b82270bd,Tammy Nichols,angelalvarado@example.org,Data Engineering,Solution Consultant,1973-03-22 04:39:35,1979-12-20 14:23:54
c58b4345-6953-444c-aea2-bbf47754eaf2,Betty Carpenter,wilsonjavier@example.org,Data Science,Sr Software Engineer,1990-05-19 12:10:11,1988-11-06 13:27:37
c5161f1d-c7f2-46ee-95b2-47412a7b57ac,Anthony Duffy,charlescoleman@example.net,Data Science,Solution Consultant,1997-08-03 05:44:25,2005-04-12 07:23:35
1c9a0dbe-9d6b-41b2-b11f-8b964717585f,Joel Davis,wgarcia@example.net,Data Engineering,Software Engineer,2006-02-25 02:19:43,2020-09-17 02:23:33
682ed6ed-ca3b-44b4-a6dc-1cc6e4ce7ed3,Julie Gordon,sara24@example.com,Full Stack,Sr Software Engineer,2012-07-17 04:52:24,1994-02-21 21:19:00
e08d6fc9-a8ec-4edd-b450-c4e0256c1f92,Jennifer Davis,carlgomez@example.com,Data Engineering,Software Engineer,1976-06-24 05:15:50,2020-07-23 14:14:16
2bc7aeb8-5e54-4199-b050-d24a4ec9bce1,Richard Barr,kthomas@example.net,Data Science,Sr Software Engineer,1988-09-13 08:24:03,2024-01-06 20:06:46
82b0ddcb-36e9-442b-9432-c2ac96240092,Jason Kennedy,oconnorjasmin@example.net,Full Stack,Solution Enabler,2014-10-05 13:44:24,2009-07-12 08:14:27
dfcf92f9-3214-4205-81fd-c85681d5ee43,Suzanne Rollins,jhernandez@example.net,Data Engineering,Solution Consultant,2009-09-04 11:57:15,2013-06-26 17:08:10
3958bd33-190f-40f6-856b-c5b7310e1500,Jesus Hernandez,wilsonwilliam@example.net,Full Stack,Solution Consultant,2018-11-26 19:37:37,2005-10-20 12:37:59
f13b9adb-edbf-4069-93dd-43d809ce3842,William Wang,michaelperkins@example.org,Data Science,Solution Consultant,2002-03-18 16:23:22,2023-08-17 17:33:36
1770a96b-49b4-4610-b2c2-3b86e48ad574,Amber Jones,evan22@example.com,Full Stack,Software Engineer,1994-12-23 09:05:04,1999-08-28 17:03:18
5d9067a6-8ba3-4c73-aa0e-d2938239a1cb,Mark Mora,victorross@example.com,Data Science,Sr Software Engineer,2017-02-11 15:54:29,1982-08-18 04:10:11
394d2663-733d-4395-84f3-a7243d63e771,David Barajas,chadhoover@example.org,Data Science,Software Engineer,2018-05-22 08:15:29,1979-11-02 12:52:27
52aab249-c6cd-4201-8dc6-2fbaafb7a569,Brianna Jones,wademary@example.org,Full Stack,Solution Consultant,2024-01-08 23:05:42,2017-06-22 17:47:46
37226f26-cdd4-4e39-84d3-314ff0525eef,Denise Becker,ucarson@example.com,Data Engineering,Software Engineer,1985-10-22 18:06:28,1991-07-01 21:52:39
9bcc4956-3de8-45b2-81a2-70dd7173d55f,Mr. Andrew Marshall,jessicareyes@example.org,Data Science,Sr Software Engineer,2020-06-03 13:07:15,2012-03-29 00:13:23
4e123d96-7b00-4638-be03-32d1729e0713,Kristina Oneill,dunnrobert@example.org,Full Stack,Solution Consultant,2021-11-25 07:58:20,2007-01-31 12:38:42
d14b1a08-4e77-471a-bd34-cc242fcba195,Megan Solis,amy71@example.net,Data Engineering,Software Engineer,2007-08-06 03:19:15,1991-04-16 06:50:27
78c51044-946d-49d5-8ea2-bb85fb79e14b,Amanda Reid,qsanchez@example.net,Data Engineering,Software Engineer,1975-09-17 20:01:01,2022-07-12 14:07:40
04bf1921-67b3-4f6e-ad7e-9b74a084f25a,Margaret Garcia,zwilson@example.net,Full Stack,Solution Enabler,1984-05-07 08:17:29,1984-04-16 01:58:02
c9c6625c-ccfa-4168-9a3e-19867fa2097f,Karen Stanley,kclark@example.net,Full Stack,Sr Software Engineer,1976-08-30 02:12:42,1992-01-08 16:26:42
bf959bd5-62e4-4847-8f68-b9069862803a,Sarah Jackson,cartercindy@example.com,Data Engineering,Solution Consultant,2013-12-08 06:36:17,1982-01-25 08:11:56
c68bb85f-67d9-4a6f-b96c-ff06265fe13a,Jennifer Green,brittany12@example.com,Data Science,Solution Consultant,2008-05-15 02:39:31,2000-11-10 17:41:37
1232c64d-1974-4a43-8607-2438d3cf1cf6,James Sanchez,igonzalez@example.org,Full Stack,Software Engineer,1970-10-25 11:36:01,1976-09-13 03:28:01
be7214d9-4c10-4f53-84e4-6b14a0763f07,Stephanie Garcia,andrewherrera@example.org,Full Stack,Solution Enabler,2013-06-30 07:54:26,1989-10-17 20:43:51
ab0361fc-00e0-4a81-bc4a-8a4d9a4b1458,Brian Rogers,judyyoung@example.net,Data Engineering,Solution Consultant,2012-10-08 15:49:47,2013-04-13 14:19:08
1ab51184-1a23-453b-923e-65572facf3b9,Kimberly King,howardcody@example.org,Data Science,Solution Consultant,1983-02-08 14:07:38,2004-03-18 09:45:10
e827d912-e126-47d1-b4cb-c6e02eb1c14a,Patrick Hernandez,georgeortega@example.org,Data Engineering,Solution Consultant,2020-02-03 05:10:13,1986-09-02 22:24:57
0fda9918-7377-43ea-9cd9-9af07966d33e,Anthony Norris,russell45@example.org,Data Engineering,Sr Software Engineer,2024-04-12 23:16:58,2017-02-27 15:26:25
754ea12d-bc4a-4217-9eee-c4782407a486,Sherry Ingram,jennifer15@example.net,Full Stack,Sr Software Engineer,2001-01-22 16:29:32,1982-11-24 05:39:27
37d8e456-a1c8-4bfc-9e1f-4b269782e5d0,Leslie Walls,huffmanandrew@example.net,Full Stack,Solution Enabler,1988-11-10 21:22:54,1995-12-02 05:15:07
cf5b511f-6da2-416c-a962-ce03e971606c,Christine Curry,bankskimberly@example.com,Data Science,Solution Enabler,1988-08-18 05:38:40,1986-10-30 09:29:15
220640f3-f0a3-4755-b9e3-cc8fe43cb419,Joshua Johnson,benjaminstewart@example.com,Data Science,Software Engineer,1974-09-03 15:57:31,1988-01-14 02:41:53
ad074ff4-e34f-4a43-84da-4ca79bf156ee,Brian Martin,stonekyle@example.net,Full Stack,Solution Consultant,2013-07-02 03:05:18,1971-03-26 14:01:20
2dae43c1-e94c-44a6-8800-47c3ffa7ad75,Jared Spears,caitlynberry@example.com,Data Engineering,Solution Enabler,2014-05-26 11:46:33,1992-07-12 13:43:50
ab63c853-8355-4d65-be0f-7b01fdce651f,Erica Scott,tinathompson@example.net,Data Engineering,Solution Consultant,2007-07-08 09:20:00,2017-05-21 12:59:58
4ad3f6a2-101f-4023-b0c7-f44b3dcdf426,Matthew Morrison,nancy96@example.net,Full Stack,Solution Consultant,1997-11-03 10:11:58,2024-06-19 05:33:21
9daeed6a-8cee-4f7c-b562-731aa6c7f5d8,Lisa Cannon,hensleydavid@example.net,Data Science,Solution Enabler,1981-02-27 09:36:59,2024-06-04 21:35:55
cfeb773a-a2f2-4562-8b3a-a65d77b91541,Johnathan Ford,jeremy00@example.org,Full Stack,Solution Consultant,2024-08-10 07:28:22,2019-02-06 18:12:45
78302055-43d6-4d9d-a458-2f58cae5144c,Jamie Lopez,chadflores@example.com,Full Stack,Solution Enabler,1987-01-27 20:10:58,2000-05-14 01:52:37
b1573451-a10a-4510-851c-fbb43f527b42,Mark Brown,jasonjackson@example.net,Data Engineering,Software Engineer,1979-02-03 04:18:20,2023-10-09 15:07:08
360fc98c-8d9a-43e6-8c31-9fccaf55a51f,Michelle Howard,brenda96@example.org,Data Science,Solution Consultant,1970-08-03 23:38:27,1976-04-19 01:10:17
a6c3a793-9645-4a70-8c43-774ff929027c,Sharon Smith,virginiafritz@example.com,Data Science,Solution Enabler,2017-11-09 05:01:55,1972-05-30 08:17:56
18611848-21c2-4c3f-a6fe-3ae4f0b923b5,Melissa Oliver,cynthia87@example.net,Data Science,Sr Software Engineer,2020-08-12 01:21:30,1988-08-19 02:02:49
c06e3927-9f5d-4e69-b954-fea0b60e27c4,Kevin Dickerson,bpope@example.net,Data Science,Software Engineer,1994-10-07 12:01:42,1981-10-09 03:19:16
dc47f355-9af9-497a-8819-d103257f5412,Barbara Ford,benitezcorey@example.com,Data Science,Sr Software Engineer,2005-05-08 05:38:17,1995-11-02 07:48:51
e9722621-d878-4070-95fe-27612567cff8,Emily Wall,brendaharmon@example.net,Data Science,Sr Software Engineer,2004-12-26 18:23:32,2015-02-24 12:43:03
564f7d52-676c-4dd8-a37e-511529dff6d5,Sarah Simpson,alicia54@example.com,Full Stack,Solution Consultant,2004-12-10 12:16:53,1986-10-22 08:22:42
acddb003-9a75-4b75-a272-6c50a83d65bd,Elizabeth Rodriguez,elizabethfreeman@example.com,Data Engineering,Sr Software Engineer,1973-07-03 09:21:17,2003-11-27 05:17:53
42ccf7df-d17e-43ec-ace7-a05329d1b573,John Marshall,janet32@example.org,Data Engineering,Solution Enabler,1981-07-23 21:29:13,2019-11-07 12:17:24
c7b7f33b-1e57-46fd-a362-15f132f9966a,Jenny Martinez,kelsey45@example.com,Data Science,Software Engineer,1998-05-25 22:39:01,1992-10-25 19:26:08
3cd76dd1-1272-4094-bd4d-49afbca1b07b,Jason Dixon,isaac06@example.net,Full Stack,Solution Consultant,2017-02-08 22:03:26,2006-05-08 06:17:51
fe2df1f9-1eea-4293-99eb-9403ec14f443,Sean Ortiz,coltondavis@example.org,Full Stack,Sr Software Engineer,1993-11-16 07:57:17,1974-08-23 15:37:42
aa9a0077-dc3a-4910-8d66-69c32bd2ff2d,Andrew May,dalejefferson@example.org,Data Science,Sr Software Engineer,1977-11-30 18:38:22,2022-05-13 15:15:41
c9685c37-c938-4255-afcd-6b8492a7f849,Mary Duncan,thomas46@example.net,Data Science,Sr Software Engineer,1976-09-10 16:12:38,1994-09-14 11:09:48
92f9cbb2-d438-4329-a6ca-401c858d0805,Megan Mason,aviladavid@example.com,Data Engineering,Solution Enabler,2007-05-13 07:29:28,2003-03-24 10:28:56
43ce4e0c-3dae-444f-9589-7dda7c5d6be0,Dr. Cheryl Martin DVM,alyssavasquez@example.com,Full Stack,Sr Software Engineer,2007-06-09 03:28:46,2022-04-15 05:35:17
8c2c299a-2976-44ff-916c-e3422e31d328,Kathryn Nguyen,morrowcandace@example.net,Full Stack,Solution Enabler,2020-11-14 08:01:11,1983-05-30 11:44:59
145342a7-1efe-4593-afe2-c128a9d54e71,Fred Short,robert07@example.net,Full Stack,Sr Software Engineer,1998-09-13 01:44:59,2016-02-17 03:28:53
86a60a32-029b-4144-b63b-c71701ac96a4,Isaiah Mendoza,taylorlopez@example.org,Data Engineering,Solution Consultant,1999-09-25 19:31:52,1973-10-03 04:20:12
0f59120c-370c-4754-9c45-ec6627507233,Stephanie Bryant,maryturner@example.net,Data Science,Software Engineer,2003-06-10 04:14:05,1993-02-24 12:47:30
3dddb262-894d-4daa-8709-485572f90d41,Kelly Jordan,serranocarol@example.com,Data Science,Solution Enabler,2004-03-05 14:47:35,2017-12-28 07:36:04
3b30b508-fa43-414a-89fd-708f5a1f6793,Sarah Snyder,elizabeth57@example.net,Data Science,Solution Enabler,2004-04-19 22:35:53,1971-04-24 16:27:21
f2e7756f-ae30-4639-95b4-5955f421dac7,Toni Jackson,mark79@example.org,Data Engineering,Solution Enabler,2001-10-26 18:04:16,1978-04-10 14:33:40
b04a5ff0-3e36-4e28-975f-2930c02df687,Tracy Nelson DVM,mckinneygregory@example.net,Data Science,Sr Software Engineer,1995-01-12 20:53:46,1980-01-16 17:50:47
f2656b17-bb1c-43a4-933c-06951ba2c964,Jonathan Miller,greganderson@example.org,Full Stack,Software Engineer,2005-03-07 10:11:51,1977-12-25 14:09:18
339a1e9c-04c5-47ff-a0bb-672b62e2734c,Ross Novak,zjones@example.com,Full Stack,Software Engineer,2001-10-16 01:25:34,2001-09-25 13:30:32
d73ea39c-b9e2-4a73-9dc8-b17d296fddf7,Jeffrey Parker,eric15@example.net,Data Science,Solution Enabler,1988-02-27 16:47:22,2007-02-26 17:38:03
08fe13ef-1e20-4b76-904a-eb78eb3caf80,Ryan Petty,diazbarbara@example.net,Data Science,Sr Software Engineer,2013-03-22 04:50:21,1970-09-06 14:20:01
1c595387-6895-47ad-a42f-cb102702a2f5,Thomas Smith,robin63@example.net,Data Science,Sr Software Engineer,1985-02-01 15:18:40,2023-06-19 00:43:58
81acbe3b-60e7-4588-858f-92f5d91ba8a1,Mallory Thompson,brianatorres@example.net,Data Engineering,Software Engineer,1978-04-15 05:55:31,1971-01-12 18:10:07
5f9bf87f-17cf-45b3-a11e-7814bbaa3e06,Tina Franklin,allengarcia@example.org,Full Stack,Sr Software Engineer,1978-08-08 09:10:42,1982-09-17 22:01:12
423fa238-e7e7-47e3-8e39-eae8425fe044,Kelly Hurst,pharper@example.net,Data Science,Sr Software Engineer,2011-11-21 23:46:27,1981-11-28 19:05:44
3fd90e10-c124-46b5-a322-977fe78e1194,Jessica Cabrera,thomasdean@example.org,Data Science,Solution Consultant,1999-11-06 21:31:21,2019-12-19 23:07:38
05d753b6-32c5-4386-b890-dafb8dce785c,Evelyn Liu,tgreene@example.net,Data Science,Solution Enabler,1983-05-21 08:56:13,1987-01-30 18:36:33
ee19273e-9d06-4011-b17b-dbaf753b5f15,Marco Jensen,mary48@example.net,Data Science,Sr Software Engineer,2007-01-16 09:22:24,2009-01-13 02:10:43
4ded1569-fb30-4c0c-87bb-fc7a2f578a95,Richard Martinez,drogers@example.org,Data Science,Software Engineer,1999-09-29 18:51:50,1972-07-21 07:30:00
e6b331eb-50db-479d-9792-6d8afeaf1343,Michelle Jimenez,michelle58@example.net,Data Science,Software Engineer,1970-05-25 14:26:49,1977-09-04 00:59:58
1139cf5e-1e0d-459d-9c76-99f71153d1c2,Karen Russell,dbecker@example.com,Data Engineering,Solution Consultant,1980-02-10 04:48:02,1995-01-09 08:10:25
1805aec3-ca2e-42cb-9535-f4e145652214,Reginald Huffman,jwhite@example.net,Data Science,Solution Enabler,2003-09-08 13:46:40,1994-04-27 15:56:13
c0b6a616-bbf2-4bd2-bade-c92428e02a7f,Jackie Santos,jeremyreeves@example.net,Full Stack,Sr Software Engineer,2020-06-30 00:00:24,2012-11-22 00:00:42
10ec0cbb-4d15-4ad9-88da-c3eaf8b9ad20,Ashlee Stevens,carrollsonya@example.com,Data Science,Sr Software Engineer,1998-03-11 22:11:35,1989-01-18 22:36:12
83f8b725-f34f-4f25-9f4a-878b161b79c8,Jessica Vazquez,david43@example.com,Data Science,Software Engineer,2020-07-08 06:55:45,1999-06-13 18:04:58
dd0bbae7-1fb5-48e8-adad-fe60c4c571d0,Dana Reyes,iwillis@example.com,Data Science,Software Engineer,2022-04-26 01:06:12,2001-10-28 14:36:05
745137c7-7848-43cf-ba76-7c2af2e3c3e9,Lisa Wallace,bendertimothy@example.com,Data Engineering,Software Engineer,1990-12-13 09:12:30,2008-09-17 07:04:31
6483cd9b-d1b7-411d-8e0d-4273e5d15c99,Dale Mccoy,udavis@example.com,Full Stack,Solution Enabler,2001-06-10 22:16:05,1984-01-31 02:35:35
b6cb44f3-ddcf-46b6-a3cc-b4b9b21d4c03,Michael Garza,tapiarobert@example.org,Data Engineering,Solution Enabler,2017-02-28 22:07:49,1994-05-07 23:29:58
b78198d8-82b5-448f-a3e5-5b8add17ea8c,Nina Spencer,baileytammy@example.com,Data Science,Software Engineer,2002-11-11 18:58:19,2009-12-01 13:38:41
1b74511b-3d58-4ac7-9428-a5c30268e44f,Rachel Larsen,christina79@example.com,Data Science,Software Engineer,1970-12-11 19:17:22,1974-08-27 01:33:01
f177bd72-9d8b-4ae7-872c-c87bb1f66dee,Melanie Clark,rogerselizabeth@example.net,Data Science,Software Engineer,2008-09-11 00:20:22,2021-08-13 21:00:13
5abcfb12-338d-42ba-b1dd-53ef485d23d9,Christy Rowe,christophermccall@example.org,Full Stack,Sr Software Engineer,1975-05-09 16:06:10,2022-02-01 05:07:35
4f4fef37-dbc6-4819-b6cf-c2b19dc33786,Katherine Quinn,shermanjose@example.net,Data Engineering,Sr Software Engineer,1987-04-08 19:44:21,2023-01-14 02:30:32
09656a88-ca87-4ec0-8b74-260d5f549c22,Michael Owens,youngthomas@example.net,Data Engineering,Software Engineer,2020-03-23 21:14:35,1987-12-11 20:30:25
b0258a99-5aab-4136-8fed-19f47ef560c7,Tiffany Wilson,robbinsryan@example.net,Data Science,Solution Consultant,2002-05-06 21:07:02,1998-04-18 06:11:56
1737be47-c904-4ff4-80a8-cda611583569,Shannon Shah,lorinelson@example.com,Full Stack,Solution Consultant,2012-12-28 22:09:16,2005-08-22 14:22:39
5d269bf9-26a0-46c4-993a-8857d2537d09,Thomas Roberts,matthew41@example.com,Full Stack,Software Engineer,1975-07-16 09:53:37,1983-12-14 07:23:46
3d434a48-dd68-43ad-bda6-8b0dd6f4d52b,Taylor Wilkerson,lawrencejohn@example.org,Data Science,Software Engineer,1977-06-20 13:24:44,2008-02-04 09:29:20
e4f0a1a5-fcac-4853-91e1-3c3012344b7a,Brandon Anderson,amanda29@example.com,Data Engineering,Sr Software Engineer,1995-11-09 02:05:56,2017-05-27 07:02:15
03ba54aa-ac8e-41fb-b5f4-229afe865796,Willie Thompson,lwelch@example.org,Full Stack,Software Engineer,2002-08-07 13:23:47,2017-06-06 11:30:49
ddd0db03-a579-41fb-a5ba-4e8c80321008,Danielle Glover,andrewbeard@example.org,Data Engineering,Solution Consultant,1987-07-07 12:41:51,1985-07-14 08:11:14
d139ebfd-bc71-41e7-b5bd-9e37ca11619f,Mark Romero,stephanie42@example.org,Full Stack,Solution Consultant,2009-08-31 06:04:27,2008-10-17 19:28:15
47b4be18-59e6-449b-bddc-619c00fd5506,Kelly Allen,ychambers@example.com,Data Science,Solution Consultant,1992-12-27 16:38:49,1988-07-30 07:34:34
94bb9534-d1fa-4fa8-ae60-e7d490412169,Anne Morales,jennifer10@example.net,Data Engineering,Sr Software Engineer,1977-07-19 05:43:17,2019-04-01 13:23:52
afc98f5d-3cdf-42df-aab3-0b815f6a003a,Christopher Brown,pamela13@example.net,Data Engineering,Sr Software Engineer,2015-02-23 19:41:37,2017-01-03 08:50:36
a0cf0585-fce3-49b6-a0f6-effc49454cdd,Justin Robinson,melanie63@example.com,Data Science,Solution Enabler,2024-01-04 03:21:00,2016-08-16 18:17:44
595ab78e-f464-4c48-8504-98760c3d9fa7,Anna Moore,scottblake@example.com,Data Engineering,Solution Enabler,2008-12-22 05:17:29,2023-02-27 13:01:41
5ace4cc5-895d-4fee-8ec6-7bb567380509,Dominic Dennis,ewise@example.com,Data Engineering,Solution Consultant,1999-03-09 06:29:27,2005-03-04 04:07:22
a1a26fea-83e3-4c5e-8134-5d0fd4dbe23f,Dennis Leon,matthew53@example.net,Data Science,Solution Enabler,1986-02-17 20:18:49,1973-04-30 23:56:16
b0c3477f-b29a-4158-b0eb-b29644677bcd,Ann Powell,vgray@example.org,Data Science,Software Engineer,1978-09-20 07:44:27,2023-02-15 05:45:38
7a21927e-ef00-4d1e-a6b1-b383a7ee37ff,Angela Salazar,tmiller@example.org,Data Engineering,Solution Consultant,2022-02-17 12:29:49,1996-04-21 03:27:51
cd1bbdb5-ad6c-4f9b-ac1a-953e3b397652,Michele Cook,qsutton@example.net,Data Science,Software Engineer,2010-02-22 09:29:08,1993-03-24 23:50:21
f4e84360-d075-49c5-90fe-763f2dd7382d,Robert Foster,tsanchez@example.com,Data Engineering,Solution Enabler,2013-11-09 20:37:50,2017-12-24 08:15:19
1dcb851f-1629-455e-8010-5f101661d8a1,Helen Haley,vcrane@example.com,Full Stack,Solution Consultant,2012-11-28 12:04:08,1977-11-14 01:10:22
f80270b2-b8d5-4286-a872-93b8e9f650fe,Angel Smith II,heather94@example.org,Data Science,Software Engineer,1989-07-27 12:25:12,2010-05-24 08:35:31
e0293a2f-ad70-477a-b7ce-f8e58f91e739,Kelsey Patterson,robinsonelizabeth@example.net,Full Stack,Software Engineer,2002-07-22 20:40:35,2005-03-02 15:57:57
1c57d8ef-76e6-46f2-9c35-dc3912e77f57,Lucas Morris,freemanjessica@example.org,Data Engineering,Solution Consultant,2009-04-25 23:42:49,1976-12-29 06:46:34
c6dfce7a-180e-4283-b465-1475c262954b,David Gutierrez,gglover@example.com,Data Science,Solution Consultant,2008-10-29 15:51:47,2006-06-02 23:40:34
87a90293-82d3-4978-9d19-f0a58054fbbb,Cynthia Hooper,troycastro@example.org,Data Science,Sr Software Engineer,1970-09-14 13:41:35,2003-05-06 18:13:24
adda1619-c898-40bd-8b05-3eff5dc7125c,Devin Roy,jamesgraves@example.com,Data Engineering,Software Engineer,2015-12-12 08:23:34,2005-06-13 04:00:09
6885b4c7-93c8-428e-b8c6-cff7e63d0b16,Daniel Martin,wendybaker@example.org,Data Engineering,Software Engineer,1991-08-16 22:16:08,1976-07-29 15:23:51
d9f3f34f-3dbe-4e75-bc5a-1383dfdc5a02,Amy Page,rachelsmith@example.net,Data Science,Solution Consultant,2014-04-08 09:57:47,1980-10-06 08:28:45
7af1f0e4-36a7-461f-b41c-a596fce953e6,Melanie Berry,douglastyler@example.com,Data Science,Solution Consultant,1979-08-14 19:51:26,2013-12-24 02:20:48
fd9c4e44-7e81-444f-b543-1b8a91741ffe,Edward Mejia,carla85@example.com,Data Science,Solution Enabler,1994-03-15 12:42:50,2023-08-13 20:45:56
314a7f5c-922f-455a-a8ca-cebc6c14325b,Alex Garcia,nwatts@example.org,Data Science,Solution Enabler,1982-12-27 08:23:09,2022-07-03 01:41:09
abf77a0a-bb1e-4bcf-ab27-f58181b4b6d6,Molly Erickson,hbriggs@example.net,Full Stack,Sr Software Engineer,1997-03-18 18:44:31,1972-07-05 09:26:57
4d834898-041f-4ec3-b796-0b853a7f53fb,Crystal Mason,reyesrobert@example.com,Full Stack,Solution Enabler,2004-06-13 12:13:24,1978-02-23 04:45:42
24c60e6b-200f-4e29-83b7-73f36cbc5645,Collin Sutton,jonathan83@example.net,Full Stack,Software Engineer,1990-09-20 07:15:17,1994-08-29 12:25:56
a25b9b7f-0e3a-40c5-9bc7-2b0b01ec30fc,Eric Brown,lukelowe@example.org,Full Stack,Sr Software Engineer,1970-06-14 13:59:01,1981-10-06 18:48:46
40cfae1b-92e4-4103-825d-7042c107500b,Christine Parks,johnhayes@example.org,Data Engineering,Solution Enabler,1999-09-07 12:16:05,1999-10-28 08:14:12
7dc34a0a-c2b7-47a9-ab67-427d7e9fe59f,Lindsay Watkins,hallchristopher@example.org,Data Engineering,Sr Software Engineer,2016-03-15 09:21:52,1998-01-16 04:33:22
02a6ecfa-a060-4ee6-8f71-54ed61ca5569,Joshua Martin,megan56@example.org,Full Stack,Solution Enabler,1973-01-27 07:01:17,2001-05-01 05:44:11
bff0122e-cce4-49fa-85c6-84d80389ae13,Zachary Larsen,charles69@example.org,Full Stack,Sr Software Engineer,2023-10-07 13:55:05,1983-07-27 07:28:25
0f6b110e-bcdf-49cb-9d71-228877b7b4a7,Brittney Johnson,dwilliams@example.net,Data Science,Solution Consultant,1993-08-29 16:52:51,2001-08-07 16:11:24
5993031f-2cbe-45af-8b54-0545891cefdc,Devin Adams,nicoledavies@example.org,Full Stack,Sr Software Engineer,2012-09-10 16:17:39,2006-10-16 05:43:04
4d244d08-9b6f-4865-b896-a1a88b736ba7,Sarah Smith,kimberly60@example.org,Data Engineering,Software Engineer,1984-03-02 22:08:15,2018-10-14 06:56:35
ed7af397-eb48-4f4c-ad45-d5c38f1ad88c,Megan Gardner,joanna02@example.org,Full Stack,Sr Software Engineer,1984-12-17 17:50:14,2013-07-07 10:11:16
2d8f3fce-72b1-4135-907e-91617b6f0196,Jose Snow,lauren13@example.net,Data Science,Solution Enabler,1976-12-22 05:36:44,1982-05-21 04:07:17
3e5f43d3-843a-49e6-af5a-9184b9aebe14,Noah Haynes,mharrison@example.org,Data Engineering,Software Engineer,1999-06-22 01:30:36,1985-05-12 06:46:38
a9c8b676-a946-4563-8a86-67460cbb470c,Richard Lopez,benjamin97@example.org,Full Stack,Solution Consultant,1975-08-06 07:30:35,1984-10-16 21:52:35
540e8e79-0f03-4289-9066-59314a51629a,Sara Gomez,shawn86@example.org,Data Engineering,Solution Consultant,1985-08-17 23:05:21,1998-07-31 01:58:09
22ed43df-05c5-4d8d-97cc-25f3c6ab234c,Aaron Wilkinson,allison20@example.net,Data Engineering,Software Engineer,1991-07-03 18:38:42,2016-07-30 01:25:54
822c8971-9925-47a8-8eda-cc0fddea6834,Jessica Preston,kevin17@example.org,Data Engineering,Solution Enabler,1996-07-29 21:01:24,1978-08-23 22:44:29
11440f75-ed6c-49da-ba89-50866c3bc145,Benjamin Ross,ylawson@example.net,Data Engineering,Solution Enabler,1973-10-26 21:35:40,1976-10-24 09:43:03
fb0e51a1-f634-4c0b-afc9-a41ffa73a6a6,Christopher Brown,charleslopez@example.com,Data Engineering,Solution Enabler,1995-02-21 10:42:05,2002-06-15 18:36:32
52066163-31b2-4286-b9bf-1e770a6e9bd8,James Gibson,christian71@example.net,Full Stack,Solution Enabler,1989-07-20 08:22:28,2014-02-19 14:52:18
7058ce30-d7c6-474e-bad3-7f8d66f4dd50,John Kidd,karamurillo@example.com,Data Science,Sr Software Engineer,2023-06-11 17:30:59,1980-08-18 10:31:59
1b422d58-2190-4e01-a583-48dabe84cf64,Joseph Baker,jillian42@example.org,Data Science,Solution Enabler,1975-04-25 12:53:14,2000-11-15 06:05:59
c2a842eb-5eeb-4933-a51c-ec5bb5311f84,Ian Mayer,campbellmichael@example.org,Data Science,Sr Software Engineer,1975-09-03 20:59:29,1996-01-15 14:01:36
33614202-2a7b-45c5-8f2b-cfb9f910f7a7,Bonnie Thomas,nielsenrobert@example.com,Full Stack,Sr Software Engineer,2009-01-03 01:51:56,1995-05-16 09:46:39
6c89001d-0e2b-4caf-997d-a4e3e25d1b58,Tracy Wright,brandonevans@example.com,Data Engineering,Software Engineer,1970-07-12 21:08:10,2008-11-06 06:52:22
b3bd26de-8e67-473b-9992-d64c0b00dfbf,Edward Levine,herrerajill@example.com,Data Science,Software Engineer,1991-03-28 04:54:50,2001-03-22 01:50:39
1d5ceb7e-fba4-42c6-a5c1-dfff31fe1df7,Tracy Robertson,maryhernandez@example.com,Full Stack,Solution Consultant,2003-03-06 11:31:03,1980-08-03 01:26:29
59c59745-9f6e-4202-bc70-333c8b393361,Patricia Lucas,tschultz@example.org,Data Science,Sr Software Engineer,2024-06-12 00:15:12,1992-01-26 22:34:02
b6386b6f-c928-4cbc-893d-91efe0bfc29c,Theresa Russell,raymond77@example.org,Data Engineering,Software Engineer,2022-09-18 13:34:51,1978-01-18 14:38:55
5e5a8d91-b895-43f4-860f-94b09b1cc692,Hunter Boyd,jackie12@example.net,Data Science,Software Engineer,1983-07-11 06:12:39,2017-08-22 11:06:00
ee97d1cf-ea7e-4a89-b414-725c9f8b1198,Raymond Potter,michaelparks@example.net,Data Science,Solution Consultant,1983-12-19 13:14:43,1990-05-10 16:39:09
5c5f16bc-15d3-4393-b92d-9abda07fa76c,Peter Mcclain,wrightdenise@example.net,Full Stack,Solution Enabler,2015-03-09 07:06:25,1987-10-17 07:08:11
d5dc6925-3c52-4b3f-8f55-ce2bd0ada54a,Michael Silva,gregoryatkinson@example.com,Data Science,Solution Consultant,1988-03-18 21:27:23,1985-04-16 03:46:44
a80a7791-c959-4337-8b50-df54fecf07cc,Casey Pineda,abigail85@example.org,Data Engineering,Solution Consultant,2007-09-16 06:35:58,1973-11-16 19:19:27
6035078b-c086-4d16-9eb8-41df0e19c8b7,Brian Maynard,shaneroberts@example.net,Data Science,Solution Consultant,1978-06-15 05:55:48,1985-02-14 17:17:56
1403cb45-2abf-49f4-9636-bf5d2ad6a23f,David Parker,moorebrian@example.net,Data Science,Solution Consultant,1993-04-12 03:47:04,2002-01-06 14:16:36
befaa9bf-5f04-40af-8cf7-954317df39f0,Andrea Peterson,whitejeffrey@example.net,Data Engineering,Solution Enabler,1970-12-08 16:13:55,2009-01-30 18:19:06
ead9a91a-c6a3-4bd2-9a5f-4ed0cc84f5a3,George Humphrey,smithjennifer@example.com,Data Science,Software Engineer,2013-10-19 04:49:48,2016-06-14 15:15:23
befe5505-d8fe-4cc1-a84b-bfbda727fc23,Alexander Rodriguez,schmidtjeffrey@example.net,Data Science,Software Engineer,1972-10-24 19:47:02,2009-05-29 06:56:14
8d147b48-5f68-4159-9673-859217932880,Glen Miles,brittany38@example.com,Data Engineering,Solution Enabler,1984-03-27 05:26:42,1996-10-02 09:08:13
0d391dd0-ceb9-40e3-9459-c14145f35542,Luke Mcclure,troygarcia@example.com,Data Engineering,Solution Consultant,1975-11-03 15:05:47,1989-03-14 18:46:43
7572ffb8-c5f4-4fb8-86b8-659097758feb,Nathan Johnson,qerickson@example.com,Data Engineering,Sr Software Engineer,2000-09-17 03:29:09,1988-09-28 06:47:44
7fbd2fad-d24d-4f1e-9549-bb604814f6c0,James Kelly,zandrews@example.com,Data Engineering,Software Engineer,1982-09-10 13:25:07,1973-09-27 06:01:00
55fef6a4-f994-4022-a982-a70c7350d978,Megan Lopez,amanda24@example.org,Full Stack,Sr Software Engineer,2008-01-09 06:07:24,2023-04-16 16:31:09
70ba352f-d42f-4bac-b82f-3ac34ffe08d1,David Taylor,terrimartinez@example.net,Full Stack,Solution Enabler,2018-02-05 00:52:02,2001-10-11 09:20:36
c2697432-1d86-479e-8f9b-c2ef2eb922cc,Mr. Michael Barton,garciamichael@example.net,Data Science,Sr Software Engineer,2018-08-14 03:25:00,1987-09-24 02:29:39
7a08571b-a134-47ae-a73f-f263393f80fa,Carrie Mclaughlin,shawn34@example.org,Data Engineering,Software Engineer,2018-02-28 07:39:40,1995-07-09 12:23:31
6fadd2f5-490f-4352-b8d0-a20730537b67,Joseph Alvarez,aschmitt@example.com,Data Science,Solution Enabler,1996-04-29 10:36:15,2020-12-14 01:16:55
276ccdc4-ecd3-46c8-9e2c-cec229c1b70d,Christian Smith,callahannatalie@example.com,Full Stack,Software Engineer,2000-02-09 17:45:29,2023-07-27 06:47:07
94622f4a-0bdd-4093-958a-3dd83f86d144,Jessica Hatfield,gibsonhailey@example.com,Data Science,Solution Consultant,2016-05-21 19:36:07,1982-02-22 20:17:13
d0ee3477-7366-4b6c-9979-d199ee83c309,Kenneth Mcmahon,angelawilliams@example.com,Data Engineering,Sr Software Engineer,1997-02-27 16:48:26,2013-09-23 17:13:24
f335db47-8f27-4b73-9737-d18d07449ed2,Dennis Frey,nelsonpaul@example.org,Data Engineering,Solution Consultant,1992-04-22 19:19:08,1982-07-26 23:55:40
6f4e5663-9c58-45c8-a90b-70ec69b613bc,Toni Campos,lsims@example.net,Data Engineering,Software Engineer,1999-06-08 01:40:12,2005-10-15 17:42:27
ebd3dd8c-7548-4a1e-85a6-ae4780771ebc,Heather Fox,michaelrasmussen@example.org,Full Stack,Solution Enabler,1991-06-05 16:31:00,1991-06-04 16:13:40
9d2a91cd-b48d-4b15-8fb0-e9bb46d408dc,Laurie Pineda,steven18@example.org,Full Stack,Sr Software Engineer,1989-11-25 10:37:45,1973-12-11 23:19:13
56200190-5917-47b2-a1c1-947f6684749f,Jennifer Johnson,kayla07@example.com,Data Science,Solution Enabler,1980-10-24 09:20:26,2009-09-25 23:30:50
2aab5f17-34ec-4ff5-99ca-b3b253e2f21f,Patricia Horton,anthony07@example.org,Data Engineering,Sr Software Engineer,2023-08-28 22:18:40,2011-09-11 15:50:30
4d0a5205-f7ec-40be-aac7-92fa5877dc04,Alexis Rivas,dthomas@example.net,Data Science,Sr Software Engineer,1982-07-23 19:57:16,1996-03-06 08:50:38
d63ebe88-8472-48b1-a655-7a5c25aa7253,Mallory Simpson,hooperbonnie@example.org,Data Engineering,Sr Software Engineer,2021-07-28 20:37:04,1986-04-20 14:32:17
3f6b6159-9934-4d5b-ac2b-30cb74b421b2,Emily Taylor,hpineda@example.net,Data Engineering,Solution Consultant,2003-09-28 17:39:48,1994-09-12 09:59:56
639f6f51-d185-49ab-a556-fefbc11e4e8e,Christopher Martin,sellersjohn@example.com,Full Stack,Software Engineer,2010-07-13 03:01:25,2024-05-20 01:34:54
1c196597-1772-4701-ae69-a3224307dc56,Jamie Meyer,smithjuan@example.com,Full Stack,Solution Consultant,1975-03-25 03:48:09,2013-12-14 03:48:49
52a6cfde-d17c-4f5d-92c1-3c81f042f402,Jacob Sanford,yrobinson@example.com,Data Engineering,Solution Enabler,2014-05-14 03:51:46,2012-02-06 04:54:53
